#hexamer;Zscore
AAAAAA;-18.52
AAAAAC;3.43
AAAAAG;5.96
AAAAAT;-13.91
AAAACA;0.56
AAAACC;4.73
AAAACG;6.56
AAAACT;-0.47
AAAAGA;12.85
AAAAGC;5.43
AAAAGG;4.92
AAAAGT;-4.78
AAAATA;-18.83
AAAATC;1.22
AAAATG;-4.52
AAAATT;-12.41
AAACAA;2.4
AAACAC;3.19
AAACAG;5.79
AAACAT;-4.7
AAACCA;6.5
AAACCC;1.77
AAACCG;5.61
AAACCT;2.86
AAACGA;7.61
AAACGC;8.69
AAACGG;7.61
AAACGT;2.78
AAACTA;-3.73
AAACTC;2.53
AAACTG;6.89
AAACTT;-2.17
AAAGAA;15.72
AAAGAC;10.61
AAAGAG;8.23
AAAGAT;7.21
AAAGCA;5.37
AAAGCC;5.47
AAAGCG;6.12
AAAGCT;5.19
AAAGGA;8.97
AAAGGC;5.92
AAAGGG;-5.27
AAAGGT;-4.87
AAAGTA;-8.88
AAAGTC;1.12
AAAGTG;3.96
AAAGTT;-5.92
AAATAA;-17.86
AAATAC;-4.9
AAATAG;-12.71
AAATAT;-16.63
AAATCA;-0.78
AAATCC;4.13
AAATCG;6.9
AAATCT;-2.03
AAATGA;-0.56
AAATGC;-1.5
AAATGG;3.79
AAATGT;-14.37
AAATTA;-14.95
AAATTC;-0.9
AAATTG;-3.04
AAATTT;-15.79
AACAAA;3.39
AACAAC;12.05
AACAAG;13.78
AACAAT;1.67
AACACA;1.38
AACACC;8.85
AACACG;6.93
AACACT;-0.24
AACAGA;9.29
AACAGC;13.93
AACAGG;3
AACAGT;1.67
AACATA;-7.32
AACATC;14.03
AACATG;4.84
AACATT;-6.16
AACCAA;9.08
AACCAC;5.61
AACCAG;9.9
AACCAT;1.23
AACCCA;3.38
AACCCC;1.02
AACCCG;4.69
AACCCT;0.78
AACCGA;8.31
AACCGC;10.68
AACCGG;7.31
AACCGT;4.09
AACCTA;0.16
AACCTC;6.05
AACCTG;11.52
AACCTT;-2.38
AACGAA;9.44
AACGAC;11.28
AACGAG;13.36
AACGAT;3.98
AACGCA;7.21
AACGCC;11.83
AACGCG;4.1
AACGCT;7.03
AACGGA;10.25
AACGGC;10.01
AACGGG;6.82
AACGGT;5.65
AACGTA;-2.03
AACGTC;8.65
AACGTG;9.98
AACGTT;0.72
AACTAA;-5.6
AACTAC;9.31
AACTAG;-4.16
AACTAT;-2.03
AACTCA;1.97
AACTCC;4.94
AACTCG;4.06
AACTCT;-0.56
AACTGA;2.2
AACTGC;8.59
AACTGG;10.79
AACTGT;-1.41
AACTTA;-7.31
AACTTC;10.24
AACTTG;1.78
AACTTT;-9.66
AAGAAA;19.86
AAGAAC;16.17
AAGAAG;31.96
AAGAAT;5.98
AAGACA;12.18
AAGACC;14.56
AAGACG;12
AAGACT;6.28
AAGAGA;12.63
AAGAGC;11.67
AAGAGG;11.47
AAGAGT;2.8
AAGATA;1.81
AAGATC;15.48
AAGATG;19.53
AAGATT;6.71
AAGCAA;7.85
AAGCAC;8.36
AAGCAG;15.79
AAGCAT;0.62
AAGCCA;10.26
AAGCCC;5.53
AAGCCG;9.39
AAGCCT;2.93
AAGCGA;9.05
AAGCGC;11.07
AAGCGG;8.41
AAGCGT;2.9
AAGCTA;4.12
AAGCTC;10.98
AAGCTG;19.08
AAGCTT;0.66
AAGGAA;10.19
AAGGAC;13.38
AAGGAG;19.7
AAGGAT;7.07
AAGGCA;4.25
AAGGCC;8.97
AAGGCG;6.68
AAGGCT;3.59
AAGGGA;-3.2
AAGGGC;-0.36
AAGGGG;-8.54
AAGGGT;-9.26
AAGGTA;-8.73
AAGGTC;2.42
AAGGTG;4.92
AAGGTT;-4.12
AAGTAA;-9.73
AAGTAC;5.43
AAGTAG;-5.78
AAGTAT;-7.08
AAGTCA;2.24
AAGTCC;4.63
AAGTCG;7.76
AAGTCT;-1.5
AAGTGA;4.21
AAGTGC;5.95
AAGTGG;4.89
AAGTGT;-4.54
AAGTTA;-5.69
AAGTTC;6.62
AAGTTG;2.32
AAGTTT;-5.79
AATAAA;-13.22
AATAAC;-8.67
AATAAG;-7.74
AATAAT;-17.93
AATACA;-3.65
AATACC;1.43
AATACG;3.53
AATACT;-8.71
AATAGA;-8.75
AATAGC;-5.95
AATAGG;-10.54
AATAGT;-13.32
AATATA;-16.79
AATATC;-3.82
AATATG;-4.71
AATATT;-17.06
AATCAA;3.31
AATCAC;-0.27
AATCAG;1.35
AATCAT;-3.37
AATCCA;6.83
AATCCC;-3.15
AATCCG;4.05
AATCCT;2.86
AATCGA;7.94
AATCGC;6.42
AATCGG;5.86
AATCGT;2.04
AATCTA;-5.82
AATCTC;-0.47
AATCTG;2.75
AATCTT;-6.51
AATGAA;4.41
AATGAC;6.83
AATGAG;1.99
AATGAT;0.78
AATGCA;2.29
AATGCC;5.92
AATGCG;3.63
AATGCT;-2.05
AATGGA;9.66
AATGGC;6.6
AATGGG;-0.95
AATGGT;-1.72
AATGTA;-13.5
AATGTC;-0.7
AATGTG;-1.29
AATGTT;-13.78
AATTAA;-13.39
AATTAC;-4
AATTAG;-9.43
AATTAT;-15.3
AATTCA;-2.11
AATTCC;1.87
AATTCG;4.19
AATTCT;-9.13
AATTGA;1.03
AATTGC;-0.99
AATTGG;0.06
AATTGT;-11.86
AATTTA;-16.05
AATTTC;-6.13
AATTTG;-5.83
AATTTT;-26.05
ACAAAA;4.12
ACAAAC;4.95
ACAAAG;8.8
ACAAAT;-1.61
ACAACA;13.19
ACAACC;11.13
ACAACG;13.07
ACAACT;8.69
ACAAGA;18.63
ACAAGC;13.96
ACAAGG;9.94
ACAAGT;5.76
ACAATA;-2.3
ACAATC;6.71
ACAATG;10.78
ACAATT;-3.13
ACACAA;6.36
ACACAC;-10.61
ACACAG;2.25
ACACAT;-4.75
ACACCA;12.41
ACACCC;2.28
ACACCG;9.81
ACACCT;4.56
ACACGA;6.89
ACACGC;5.3
ACACGG;7.4
ACACGT;2.38
ACACTA;-1.41
ACACTC;2
ACACTG;3.38
ACACTT;-6.25
ACAGAA;10.23
ACAGAC;8.48
ACAGAG;6.66
ACAGAT;7.15
ACAGCA;14.47
ACAGCC;9.68
ACAGCG;10.92
ACAGCT;10.27
ACAGGA;7.75
ACAGGC;1.29
ACAGGG;-8.74
ACAGGT;-5.41
ACAGTA;-2.81
ACAGTC;3.72
ACAGTG;5.11
ACAGTT;-1.6
ACATAA;-8.61
ACATAC;-5.2
ACATAG;-6.06
ACATAT;-10.79
ACATCA;15.24
ACATCC;8.81
ACATCG;13.61
ACATCT;5.75
ACATGA;5.26
ACATGC;2.65
ACATGG;5.68
ACATGT;-3.26
ACATTA;-5.19
ACATTC;0.81
ACATTG;3.04
ACATTT;-16.6
ACCAAA;8.97
ACCAAC;14.26
ACCAAG;14.79
ACCAAT;6.73
ACCACA;5.47
ACCACC;10.77
ACCACG;8.85
ACCACT;2.61
ACCAGA;12.83
ACCAGC;13.13
ACCAGG;4.74
ACCAGT;6.94
ACCATA;-1.79
ACCATC;14.58
ACCATG;8.78
ACCATT;2.25
ACCCAA;6.86
ACCCAC;0.24
ACCCAG;3.97
ACCCAT;-0.42
ACCCCA;-1.71
ACCCCC;-3.21
ACCCCG;3.4
ACCCCT;-4.78
ACCCGA;6.58
ACCCGC;5.23
ACCCGG;7.25
ACCCGT;1.84
ACCCTA;-2.42
ACCCTC;-2.73
ACCCTG;5.26
ACCCTT;-4.24
ACCGAA;9.53
ACCGAC;10.29
ACCGAG;13.17
ACCGAT;6.57
ACCGCA;10.81
ACCGCC;9.27
ACCGCG;6.11
ACCGCT;9.72
ACCGGA;11.79
ACCGGC;11.22
ACCGGG;7.27
ACCGGT;3.73
ACCGTA;2.62
ACCGTC;7.42
ACCGTG;8.69
ACCGTT;3.31
ACCTAA;-2.83
ACCTAC;9.68
ACCTAG;-4.87
ACCTAT;1.77
ACCTCA;10.73
ACCTCC;5.75
ACCTCG;7.62
ACCTCT;-0.57
ACCTGA;10.24
ACCTGC;11.7
ACCTGG;12.21
ACCTGT;-0.71
ACCTTA;-2.24
ACCTTC;7.42
ACCTTG;0.31
ACCTTT;-7.89
ACGAAA;8.6
ACGAAC;7.34
ACGAAG;11.68
ACGAAT;5.43
ACGACA;11.38
ACGACC;9.62
ACGACG;10.31
ACGACT;12.12
ACGAGA;15.1
ACGAGC;12.2
ACGAGG;13.35
ACGAGT;8.02
ACGATA;2.72
ACGATC;6.55
ACGATG;9.56
ACGATT;3.95
ACGCAA;5.4
ACGCAC;2.95
ACGCAG;7.31
ACGCAT;4.41
ACGCCA;11.16
ACGCCC;5.85
ACGCCG;9.9
ACGCCT;3.84
ACGCGA;3.49
ACGCGC;3.93
ACGCGG;5.48
ACGCGT;1.83
ACGCTA;2.3
ACGCTC;6.76
ACGCTG;12.26
ACGCTT;4.18
ACGGAA;8.96
ACGGAC;9.14
ACGGAG;10.58
ACGGAT;6.38
ACGGCA;11.03
ACGGCC;9.44
ACGGCG;8.53
ACGGCT;9.48
ACGGGA;7.53
ACGGGC;5.93
ACGGGG;-0.83
ACGGGT;-0.75
ACGGTA;-0.33
ACGGTC;4.43
ACGGTG;5.72
ACGGTT;4.6
ACGTAA;-2.49
ACGTAC;2.37
ACGTAG;-0.5
ACGTAT;-1.38
ACGTCA;11.22
ACGTCC;7.52
ACGTCG;6.61
ACGTCT;7.24
ACGTGA;4.73
ACGTGC;7.13
ACGTGG;11.25
ACGTGT;3.1
ACGTTA;-0.41
ACGTTC;3.29
ACGTTG;2.33
ACGTTT;-0.36
ACTAAA;-4.61
ACTAAC;-5.27
ACTAAG;-6.15
ACTAAT;-7.63
ACTACA;12.24
ACTACC;10.58
ACTACG;12.34
ACTACT;4.03
ACTAGA;-2.9
ACTAGC;-2.4
ACTAGG;-9.88
ACTAGT;-6.67
ACTATA;-3.8
ACTATC;1.41
ACTATG;6.74
ACTATT;-5.01
ACTCAA;3.07
ACTCAC;-0.42
ACTCAG;2.43
ACTCAT;-3.71
ACTCCA;7.97
ACTCCC;-3.86
ACTCCG;3.61
ACTCCT;0.78
ACTCGA;6.18
ACTCGC;5.32
ACTCGG;6.26
ACTCGT;2.53
ACTCTA;-1.38
ACTCTC;-2.26
ACTCTG;-1.67
ACTCTT;-5.37
ACTGAA;5.63
ACTGAC;1.11
ACTGAG;-3.97
ACTGAT;1.29
ACTGCA;8.87
ACTGCC;6.47
ACTGCG;8.95
ACTGCT;4.42
ACTGGA;14.92
ACTGGC;6.5
ACTGGG;-5.54
ACTGGT;2.47
ACTGTA;-4.86
ACTGTC;-0.53
ACTGTG;2.99
ACTGTT;-7.57
ACTTAA;-9.65
ACTTAC;-2.07
ACTTAG;-10.22
ACTTAT;-7.45
ACTTCA;10.55
ACTTCC;5.08
ACTTCG;11.02
ACTTCT;0.06
ACTTGA;-0.59
ACTTGC;-0.37
ACTTGG;-1.01
ACTTGT;-5.81
ACTTTA;-11.35
ACTTTC;-7.01
ACTTTG;-3.1
ACTTTT;-18.55
AGAAAA;12.51
AGAAAC;11.62
AGAAAG;11.91
AGAAAT;4.68
AGAACA;12.71
AGAACC;10.04
AGAACG;11.65
AGAACT;7.9
AGAAGA;33.77
AGAAGC;21.78
AGAAGG;17.01
AGAAGT;9.48
AGAATA;-3.8
AGAATC;3.42
AGAATG;4.15
AGAATT;0.33
AGACAA;10.72
AGACAC;5.51
AGACAG;7.06
AGACAT;5.34
AGACCA;12.18
AGACCC;4.19
AGACCG;8.53
AGACCT;8.76
AGACGA;10.53
AGACGC;8.08
AGACGG;6.54
AGACGT;6.85
AGACTA;0.5
AGACTC;3.63
AGACTG;3.72
AGACTT;3.65
AGAGAA;12.41
AGAGAC;7.66
AGAGAG;1.6
AGAGAT;6.09
AGAGCA;9.9
AGAGCC;2.71
AGAGCG;9.82
AGAGCT;5.75
AGAGGA;15.38
AGAGGC;2.93
AGAGGG;-11.66
AGAGGT;-4.54
AGAGTA;-2.66
AGAGTC;-0.24
AGAGTG;0.06
AGAGTT;-1.71
AGATAA;-3.32
AGATAC;3.18
AGATAG;-3.14
AGATAT;-0.95
AGATCA;12.49
AGATCC;12.8
AGATCG;12.77
AGATCT;8.45
AGATGA;18.81
AGATGC;13.63
AGATGG;9.88
AGATGT;4.28
AGATTA;-2.13
AGATTC;6.37
AGATTG;4.7
AGATTT;-5.3
AGCAAA;7.15
AGCAAC;14.77
AGCAAG;11.9
AGCAAT;4.24
AGCACA;7.07
AGCACC;9.29
AGCACG;7.28
AGCACT;-0.72
AGCAGA;15.98
AGCAGC;23.12
AGCAGG;5.91
AGCAGT;9.05
AGCATA;-3.98
AGCATC;7.54
AGCATG;2.26
AGCATT;-4.2
AGCCAA;10.77
AGCCAC;6.52
AGCCAG;5.64
AGCCAT;5.88
AGCCCA;4.54
AGCCCC;-1.62
AGCCCG;6.81
AGCCCT;-0.42
AGCCGA;9.34
AGCCGC;9.88
AGCCGG;6.01
AGCCGT;6.11
AGCCTA;-0.82
AGCCTC;1.21
AGCCTG;1.31
AGCCTT;-0.72
AGCGAA;8.8
AGCGAC;12.14
AGCGAG;12.39
AGCGAT;8.18
AGCGCA;9.81
AGCGCC;11.32
AGCGCG;5.26
AGCGCT;9.21
AGCGGA;13.36
AGCGGC;14.61
AGCGGG;3.79
AGCGGT;4.47
AGCGTA;1.06
AGCGTC;6.76
AGCGTG;6.18
AGCGTT;1.72
AGCTAA;-0.01
AGCTAC;10.27
AGCTAG;-0.72
AGCTAT;0.15
AGCTCA;9.18
AGCTCC;6.81
AGCTCG;7.45
AGCTCT;3.34
AGCTGA;15.3
AGCTGC;18.39
AGCTGG;14.87
AGCTGT;4.59
AGCTTA;-2.38
AGCTTC;6.58
AGCTTG;0
AGCTTT;-5.74
AGGAAA;5.3
AGGAAC;11.11
AGGAAG;12.36
AGGAAT;2.33
AGGACA;9.66
AGGACC;11.49
AGGACG;12.74
AGGACT;6.51
AGGAGA;18.84
AGGAGC;16.75
AGGAGG;5.97
AGGAGT;4.97
AGGATA;0.57
AGGATC;6.31
AGGATG;10.58
AGGATT;2.24
AGGCAA;3.97
AGGCAC;-0.44
AGGCAG;-3.72
AGGCAT;-3.39
AGGCCA;2.35
AGGCCC;0.96
AGGCCG;4.65
AGGCCT;-0.18
AGGCGA;7.8
AGGCGC;3.95
AGGCGG;0.57
AGGCGT;0.24
AGGCTA;-1.92
AGGCTC;-0.07
AGGCTG;-3.42
AGGCTT;-4.62
AGGGAA;-8.43
AGGGAC;-5.55
AGGGAG;-15.18
AGGGAT;-7.92
AGGGCA;-8.16
AGGGCC;-7.23
AGGGCG;-2.27
AGGGCT;-10.6
AGGGGA;-12.1
AGGGGC;-13.8
AGGGGG;-15.38
AGGGGT;-19.35
AGGGTA;-10.17
AGGGTC;-9.55
AGGGTG;-18.18
AGGGTT;-11.68
AGGTAA;-12.71
AGGTAC;-2.35
AGGTAG;-10.68
AGGTAT;-9.6
AGGTCA;1.04
AGGTCC;-0.39
AGGTCG;2.85
AGGTCT;-4.74
AGGTGA;0.32
AGGTGC;2.97
AGGTGG;-5.02
AGGTGT;-4.5
AGGTTA;-7.24
AGGTTC;0.27
AGGTTG;-6.24
AGGTTT;-11.57
AGTAAA;-6.96
AGTAAC;-4.51
AGTAAG;-8.8
AGTAAT;-13.29
AGTACA;6.26
AGTACC;9.07
AGTACG;8.37
AGTACT;1.43
AGTAGA;-3.75
AGTAGC;-3.3
AGTAGG;-11.29
AGTAGT;-9.29
AGTATA;-8
AGTATC;-0.74
AGTATG;2.9
AGTATT;-10.69
AGTCAA;5.92
AGTCAC;0.06
AGTCAG;0.19
AGTCAT;-2.93
AGTCCA;5.53
AGTCCC;-0.61
AGTCCG;4.75
AGTCCT;-0.71
AGTCGA;5.69
AGTCGC;4.85
AGTCGG;5.88
AGTCGT;2.72
AGTCTA;-2.7
AGTCTC;-4.33
AGTCTG;0.73
AGTCTT;-7.95
AGTGAA;4.26
AGTGAC;4.3
AGTGAG;-1.44
AGTGAT;1.69
AGTGCA;2.29
AGTGCC;6.96
AGTGCG;4.46
AGTGCT;0.61
AGTGGA;11.91
AGTGGC;3.7
AGTGGG;-11.66
AGTGGT;-2.06
AGTGTA;-4.67
AGTGTC;1.04
AGTGTG;-0.82
AGTGTT;-9.75
AGTTAA;-9.12
AGTTAC;-0.67
AGTTAG;-5.85
AGTTAT;-9.33
AGTTCA;5.55
AGTTCC;6.16
AGTTCG;7.39
AGTTCT;-2.04
AGTTGA;0.53
AGTTGC;1.55
AGTTGG;1
AGTTGT;-6.22
AGTTTA;-8.12
AGTTTC;-3.81
AGTTTG;0.72
AGTTTT;-18.21
ATAAAA;-16.53
ATAAAC;-3.99
ATAAAG;-0.86
ATAAAT;-17.28
ATAACA;-6.24
ATAACC;-1.23
ATAACG;-0.1
ATAACT;-8.81
ATAAGA;-3.02
ATAAGC;-3.28
ATAAGG;-4
ATAAGT;-11.25
ATAATA;-16.9
ATAATC;-6.05
ATAATG;-5.02
ATAATT;-23.21
ATACAA;0.09
ATACAC;-3.56
ATACAG;3
ATACAT;-9.96
ATACCA;3.42
ATACCC;0.48
ATACCG;4.37
ATACCT;-1.37
ATACGA;6.11
ATACGC;2.98
ATACGG;2.45
ATACGT;-2
ATACTA;-5.9
ATACTC;-3.67
ATACTG;-1.91
ATACTT;-13.84
ATAGAA;-6.72
ATAGAC;-1.97
ATAGAG;-2.95
ATAGAT;-9.07
ATAGCA;-5.04
ATAGCC;-1.83
ATAGCG;0.21
ATAGCT;-7.29
ATAGGA;-8.42
ATAGGC;-7.89
ATAGGG;-10.32
ATAGGT;-10.62
ATAGTA;-12.53
ATAGTC;-4.34
ATAGTG;-5.97
ATAGTT;-14.67
ATATAA;-15.09
ATATAC;-8.8
ATATAG;-10.46
ATATAT;-22.15
ATATCA;-0.34
ATATCC;-1.57
ATATCG;4.71
ATATCT;-6.67
ATATGA;-0.93
ATATGC;-2.42
ATATGG;2.06
ATATGT;-12.45
ATATTA;-13.25
ATATTC;-4.47
ATATTG;-4.64
ATATTT;-25.47
ATCAAA;6.22
ATCAAC;12.96
ATCAAG;14.41
ATCAAT;4.53
ATCACA;4.65
ATCACC;13.3
ATCACG;7.34
ATCACT;-0.61
ATCAGA;8.22
ATCAGC;12.2
ATCAGG;1
ATCAGT;1.94
ATCATA;-6.05
ATCATC;12.11
ATCATG;6.46
ATCATT;-4.14
ATCCAA;7.67
ATCCAC;7.78
ATCCAG;14.55
ATCCAT;1.13
ATCCCA;-0.36
ATCCCC;0.5
ATCCCG;4.28
ATCCCT;-4.4
ATCCGA;9.92
ATCCGC;11.36
ATCCGG;11.38
ATCCGT;5.15
ATCCTA;0.09
ATCCTC;7.73
ATCCTG;11.3
ATCCTT;-3.22
ATCGAA;10.39
ATCGAC;14.85
ATCGAG;14.72
ATCGAT;7.49
ATCGCA;8.75
ATCGCC;11.26
ATCGCG;5.69
ATCGCT;8.35
ATCGGA;9.6
ATCGGC;9.88
ATCGGG;7.71
ATCGGT;4.16
ATCGTA;-0.05
ATCGTC;10.99
ATCGTG;12.77
ATCGTT;3.99
ATCTAA;-9.2
ATCTAC;7.9
ATCTAG;-8.15
ATCTAT;-2.18
ATCTCA;0.12
ATCTCC;4.82
ATCTCG;3.2
ATCTCT;-3.69
ATCTGA;1.74
ATCTGC;5.46
ATCTGG;6.15
ATCTGT;-6.45
ATCTTA;-7.07
ATCTTC;6.76
ATCTTG;-1.91
ATCTTT;-11.23
ATGAAA;3.96
ATGAAC;12.44
ATGAAG;21.67
ATGAAT;-1.08
ATGACA;9.62
ATGACC;12.86
ATGACG;10.82
ATGACT;5.23
ATGAGA;7.7
ATGAGC;9.53
ATGAGG;6.83
ATGAGT;-0.63
ATGATA;-1.44
ATGATC;10.4
ATGATG;17.09
ATGATT;-4.27
ATGCAA;3.79
ATGCAC;2.04
ATGCAG;10.89
ATGCAT;-7.55
ATGCCA;9.19
ATGCCC;4.26
ATGCCG;10.15
ATGCCT;-0.39
ATGCGA;4.22
ATGCGC;5.95
ATGCGG;9
ATGCGT;-0.86
ATGCTA;-1.48
ATGCTC;1.92
ATGCTG;12.5
ATGCTT;-6.98
ATGGAA;10.76
ATGGAC;12.68
ATGGAG;13.35
ATGGAT;7.09
ATGGCA;9.13
ATGGCC;9.31
ATGGCG;7.71
ATGGCT;5.97
ATGGGA;-0.41
ATGGGC;1.55
ATGGGG;-10.82
ATGGGT;-6.65
ATGGTA;-3.08
ATGGTC;3.36
ATGGTG;4.5
ATGGTT;-3.52
ATGTAA;-13.99
ATGTAC;0.42
ATGTAG;-7.62
ATGTAT;-12.96
ATGTCA;3.65
ATGTCC;3.41
ATGTCG;7.22
ATGTCT;-5.55
ATGTGA;-0.51
ATGTGC;1.48
ATGTGG;2.86
ATGTGT;-12.22
ATGTTA;-11.05
ATGTTC;-0.09
ATGTTG;-1.69
ATGTTT;-18.37
ATTAAA;-12.05
ATTAAC;-6.6
ATTAAG;-6.64
ATTAAT;-16.49
ATTACA;-1.15
ATTACC;1.13
ATTACG;4.81
ATTACT;-5.87
ATTAGA;-7.31
ATTAGC;-5.39
ATTAGG;-11.19
ATTAGT;-12.15
ATTATA;-15.28
ATTATC;-0.11
ATTATG;-2.52
ATTATT;-19.79
ATTCAA;0.47
ATTCAC;-2.29
ATTCAG;3.79
ATTCAT;-11.1
ATTCCA;2.35
ATTCCC;-2.88
ATTCCG;5.71
ATTCCT;-1.97
ATTCGA;8.49
ATTCGC;5.99
ATTCGG;6.46
ATTCGT;2.63
ATTCTA;-8.7
ATTCTC;-3.62
ATTCTG;-3.06
ATTCTT;-13.89
ATTGAA;4.26
ATTGAC;3.82
ATTGAG;1.9
ATTGAT;-1.37
ATTGCA;2.52
ATTGCC;5.69
ATTGCG;1.89
ATTGCT;-2.85
ATTGGA;7.47
ATTGGC;3.38
ATTGGG;-4.85
ATTGGT;-3.58
ATTGTA;-11.9
ATTGTC;-3.16
ATTGTG;-2.81
ATTGTT;-14.34
ATTTAA;-23.69
ATTTAC;-7.71
ATTTAG;-14.3
ATTTAT;-21.77
ATTTCA;-10.32
ATTTCC;-6.94
ATTTCG;5.31
ATTTCT;-16.29
ATTTGA;-6.04
ATTTGC;-3.63
ATTTGG;-3.72
ATTTGT;-17.84
ATTTTA;-32.76
ATTTTC;-18.67
ATTTTG;-11.93
ATTTTT;-38.47
CAAAAA;6.44
CAAAAC;5.54
CAAAAG;9.25
CAAAAT;-0.13
CAAACA;5.1
CAAACC;5.12
CAAACG;8.08
CAAACT;3.72
CAAAGA;15.87
CAAAGC;8.86
CAAAGG;5.74
CAAAGT;3.29
CAAATA;-5.08
CAAATC;2.93
CAAATG;2.17
CAAATT;-4.1
CAACAA;17.32
CAACAC;10.34
CAACAG;14.53
CAACAT;12.32
CAACCA;12.13
CAACCC;4.44
CAACCG;10.47
CAACCT;9.8
CAACGA;14.95
CAACGC;11.45
CAACGG;12.71
CAACGT;10.78
CAACTA;7.87
CAACTC;5.25
CAACTG;9.64
CAACTT;6.74
CAAGAA;24.34
CAAGAC;12.41
CAAGAG;11.61
CAAGAT;16.51
CAAGCA;12.45
CAAGCC;8.72
CAAGCG;10.96
CAAGCT;14.88
CAAGGA;20.23
CAAGGC;6.53
CAAGGG;-1.93
CAAGGT;3.99
CAAGTA;1.66
CAAGTC;6.69
CAAGTG;6.47
CAAGTT;5.87
CAATAA;-2.78
CAATAC;1.56
CAATAG;-3.84
CAATAT;-1.51
CAATCA;6.55
CAATCC;6.43
CAATCG;6.16
CAATCT;0.62
CAATGA;14.72
CAATGC;10.66
CAATGG;11.81
CAATGT;3.69
CAATTA;-3.03
CAATTC;0.07
CAATTG;3.72
CAATTT;-6.51
CACAAA;3.49
CACAAC;9.24
CACAAG;8.75
CACAAT;3.69
CACACA;-10.69
CACACC;1.56
CACACG;2.82
CACACT;-2.1
CACAGA;8.6
CACAGC;6.57
CACAGG;-2.47
CACAGT;-0.34
CACATA;-8.57
CACATC;6.44
CACATG;-2.65
CACATT;-5.65
CACCAA;16.22
CACCAC;7.82
CACCAG;9.64
CACCAT;13.66
CACCCA;0.58
CACCCC;-8.45
CACCCG;5.83
CACCCT;-2.25
CACCGA;11.88
CACCGC;8.42
CACCGG;8.87
CACCGT;9.63
CACCTA;4.05
CACCTC;3.61
CACCTG;4.34
CACCTT;2.67
CACGAA;7.62
CACGAC;9.08
CACGAG;9.63
CACGAT;5.24
CACGCA;3.74
CACGCC;1.53
CACGCG;1.63
CACGCT;7.42
CACGGA;11.11
CACGGC;8.66
CACGGG;0.82
CACGGT;2.92
CACGTA;-1.4
CACGTC;5.62
CACGTG;3.06
CACGTT;2.75
CACTAA;-4.07
CACTAC;7.77
CACTAG;-6.03
CACTAT;0.45
CACTCA;-0.1
CACTCC;-2.25
CACTCG;5.21
CACTCT;-4.17
CACTGA;3.15
CACTGC;5.29
CACTGG;1.13
CACTGT;-1.73
CACTTA;-5.95
CACTTC;0
CACTTG;-5.78
CACTTT;-11.17
CAGAAA;13.32
CAGAAC;12.4
CAGAAG;21.42
CAGAAT;4.77
CAGACA;9.74
CAGACC;8.03
CAGACG;8.5
CAGACT;3.79
CAGAGA;10.53
CAGAGC;8.06
CAGAGG;2.18
CAGAGT;1.04
CAGATA;2.44
CAGATC;12.53
CAGATG;14.15
CAGATT;2.84
CAGCAA;18.91
CAGCAC;7.27
CAGCAG;19.24
CAGCAT;6.4
CAGCCA;11.4
CAGCCC;1.69
CAGCCG;10.17
CAGCCT;1.99
CAGCGA;14.21
CAGCGC;11.87
CAGCGG;13.72
CAGCGT;7.99
CAGCTA;8.8
CAGCTC;8.68
CAGCTG;17.08
CAGCTT;4.67
CAGGAA;11.21
CAGGAC;9.74
CAGGAG;9.46
CAGGAT;7.54
CAGGCA;-3.16
CAGGCC;1.06
CAGGCG;2.18
CAGGCT;-5.38
CAGGGA;-9.96
CAGGGC;-10.74
CAGGGG;-15.88
CAGGGT;-14.31
CAGGTA;-8.41
CAGGTC;-1.16
CAGGTG;-3.44
CAGGTT;-5.98
CAGTAA;-5.18
CAGTAC;11.22
CAGTAG;-5.58
CAGTAT;2.74
CAGTCA;3.92
CAGTCC;3.49
CAGTCG;6.46
CAGTCT;0.11
CAGTGA;6.89
CAGTGC;6.98
CAGTGG;3.18
CAGTGT;-0.47
CAGTTA;-2.64
CAGTTC;6.44
CAGTTG;0.53
CAGTTT;-3.38
CATAAA;-8.11
CATAAC;-3.95
CATAAG;-5.79
CATAAT;-12.2
CATACA;-4.49
CATACC;-0.85
CATACG;1.67
CATACT;-5.28
CATAGA;-3.75
CATAGC;-4.52
CATAGG;-8.75
CATAGT;-7.89
CATATA;-11.37
CATATC;-1.73
CATATG;-3.18
CATATT;-10.44
CATCAA;19.32
CATCAC;14.34
CATCAG;10.69
CATCAT;11.64
CATCCA;11.07
CATCCC;-0.99
CATCCG;14.25
CATCCT;5.35
CATCGA;18.32
CATCGC;11.9
CATCGG;11.26
CATCGT;13.65
CATCTA;2.78
CATCTC;1.18
CATCTG;2.38
CATCTT;3.87
CATGAA;9.27
CATGAC;6.02
CATGAG;3.25
CATGAT;5.81
CATGCA;-0.5
CATGCC;-0.9
CATGCG;4.66
CATGCT;1.82
CATGGA;13.2
CATGGC;6.34
CATGGG;-6.75
CATGGT;-0.81
CATGTA;-6.76
CATGTC;0.12
CATGTG;-4.42
CATGTT;-6.58
CATTAA;-5.46
CATTAC;2.01
CATTAG;-5.51
CATTAT;-7.94
CATTCA;-4.44
CATTCC;-0.89
CATTCG;5.63
CATTCT;-7.71
CATTGA;8.26
CATTGC;5.53
CATTGG;3.75
CATTGT;-4.62
CATTTA;-16.15
CATTTC;-11.2
CATTTG;-8.77
CATTTT;-23.23
CCAAAA;7.17
CCAAAC;5.71
CCAAAG;9.94
CCAAAT;1.74
CCAACA;13.88
CCAACC;6.32
CCAACG;12.45
CCAACT;6.02
CCAAGA;16.27
CCAAGC;10.36
CCAAGG;7.7
CCAAGT;5.62
CCAATA;1.06
CCAATC;5.02
CCAATG;13.37
CCAATT;1.81
CCACAA;6.07
CCACAC;0.17
CCACAG;4.41
CCACAT;-0.02
CCACCA;11.65
CCACCC;-7.51
CCACCG;8.76
CCACCT;2.36
CCACGA;10.09
CCACGC;3.86
CCACGG;6.97
CCACGT;4.14
CCACTA;2.39
CCACTC;-3.7
CCACTG;2.25
CCACTT;-2.8
CCAGAA;17.41
CCAGAC;7.37
CCAGAG;7.63
CCAGAT;10.45
CCAGCA;11.4
CCAGCC;-0.4
CCAGCG;12.01
CCAGCT;8.51
CCAGGA;14.1
CCAGGC;-4.69
CCAGGG;-11.57
CCAGGT;-3.68
CCAGTA;5.23
CCAGTC;4.18
CCAGTG;6.86
CCAGTT;2.92
CCATAA;-4.12
CCATAC;0.03
CCATAG;-3.79
CCATAT;-2.17
CCATCA;15.06
CCATCC;2.59
CCATCG;14.57
CCATCT;0.47
CCATGA;10.57
CCATGC;2.39
CCATGG;4.06
CCATGT;-2.63
CCATTA;2.29
CCATTC;-1.15
CCATTG;6.31
CCATTT;-9.9
CCCAAA;2.99
CCCAAC;3.58
CCCAAG;4
CCCAAT;3.65
CCCACA;-3.67
CCCACC;-10.31
CCCACG;2.27
CCCACT;-6.73
CCCAGA;6.15
CCCAGC;-1.27
CCCAGG;-7.33
CCCAGT;1.62
CCCATA;-5.34
CCCATC;-3.11
CCCATG;-3.15
CCCATT;-5.5
CCCCAA;1.05
CCCCAC;-13.1
CCCCAG;-4.48
CCCCAT;-7.56
CCCCCA;-6.83
CCCCCC;-5.28
CCCCCG;2.03
CCCCCT;-6.4
CCCCGA;6.68
CCCCGC;-3.84
CCCCGG;0.85
CCCCGT;-1.51
CCCCTA;-4.11
CCCCTC;-14.95
CCCCTG;-5.95
CCCCTT;-12.92
CCCGAA;8.02
CCCGAC;6.93
CCCGAG;7.22
CCCGAT;7.68
CCCGCA;4.48
CCCGCC;-3.12
CCCGCG;1.58
CCCGCT;1.8
CCCGGA;12.43
CCCGGC;1.51
CCCGGG;1.05
CCCGGT;1.28
CCCGTA;-0.78
CCCGTC;-1.84
CCCGTG;3.46
CCCGTT;0
CCCTAA;-6.17
CCCTAC;0.09
CCCTAG;-9.75
CCCTAT;-1.62
CCCTCA;-4.57
CCCTCC;-16.15
CCCTCG;0.97
CCCTCT;-11.13
CCCTGA;3.15
CCCTGC;-4.12
CCCTGG;-0.75
CCCTGT;-5.91
CCCTTA;-6.97
CCCTTC;-9.64
CCCTTG;-8.76
CCCTTT;-12.14
CCGAAA;8.85
CCGAAC;4.41
CCGAAG;12.52
CCGAAT;7.98
CCGACA;11
CCGACC;6.94
CCGACG;10.56
CCGACT;7.36
CCGAGA;15.41
CCGAGC;9.74
CCGAGG;7.88
CCGAGT;9.01
CCGATA;5.12
CCGATC;6.02
CCGATG;10.45
CCGATT;4.97
CCGCAA;11.5
CCGCAC;5.32
CCGCAG;7.75
CCGCAT;10.23
CCGCCA;8.79
CCGCCC;-2.14
CCGCCG;6.71
CCGCCT;6.53
CCGCGA;7.07
CCGCGC;0.05
CCGCGG;2.59
CCGCGT;4.56
CCGCTA;7.32
CCGCTC;3
CCGCTG;7.95
CCGCTT;5.21
CCGGAA;15.45
CCGGAC;9.78
CCGGAG;11.56
CCGGAT;11.25
CCGGCA;8.4
CCGGCC;2.24
CCGGCG;5.97
CCGGCT;7.78
CCGGGA;9.56
CCGGGC;0.31
CCGGGG;-0.9
CCGGGT;0.12
CCGGTA;1.15
CCGGTC;2.78
CCGGTG;3.31
CCGGTT;3.51
CCGTAA;1.61
CCGTAC;3.72
CCGTAG;-2.19
CCGTAT;1.97
CCGTCA;7.21
CCGTCC;0.72
CCGTCG;7.3
CCGTCT;1.44
CCGTGA;9.21
CCGTGC;8.6
CCGTGG;7.58
CCGTGT;4.04
CCGTTA;0.32
CCGTTC;3.29
CCGTTG;2.63
CCGTTT;-0.39
CCTAAA;-4.99
CCTAAC;-4.55
CCTAAG;-6.81
CCTAAT;-4.33
CCTACA;10.11
CCTACC;2.79
CCTACG;10.56
CCTACT;2.85
CCTAGA;-4.29
CCTAGC;-5.57
CCTAGG;-13.14
CCTAGT;-7.33
CCTATA;-3.56
CCTATC;0.95
CCTATG;5.93
CCTATT;-5.08
CCTCAA;9.78
CCTCAC;-1.75
CCTCAG;0.42
CCTCAT;4.39
CCTCCA;3.87
CCTCCC;-15.23
CCTCCG;5.54
CCTCCT;-4.15
CCTCGA;10.16
CCTCGC;1.3
CCTCGG;4.18
CCTCGT;4.76
CCTCTA;-0.53
CCTCTC;-11.38
CCTCTG;-6.84
CCTCTT;-5.72
CCTGAA;12.37
CCTGAC;2.43
CCTGAG;0.31
CCTGAT;7.34
CCTGCA;9.86
CCTGCC;-7.51
CCTGCG;10.88
CCTGCT;3.16
CCTGGA;22.87
CCTGGC;2.14
CCTGGG;-13.01
CCTGGT;7.46
CCTGTA;-4.06
CCTGTC;-3.61
CCTGTG;-1.02
CCTGTT;-5.55
CCTTAA;-6.4
CCTTAC;-0.91
CCTTAG;-8.69
CCTTAT;-4.34
CCTTCA;6
CCTTCC;-9.21
CCTTCG;10.58
CCTTCT;-5.08
CCTTGA;-1.85
CCTTGC;-4.58
CCTTGG;-3.61
CCTTGT;-7.48
CCTTTA;-9.86
CCTTTC;-12.14
CCTTTG;-3.1
CCTTTT;-19.39
CGAAAA;11.7
CGAAAC;7.67
CGAAAG;9.01
CGAAAT;6.84
CGAACA;7.38
CGAACC;8.06
CGAACG;3.79
CGAACT;4.67
CGAAGA;16.14
CGAAGC;9.63
CGAAGG;7.77
CGAAGT;8.46
CGAATA;5.36
CGAATC;7.45
CGAATG;6.6
CGAATT;6.13
CGACAA;12.47
CGACAC;10.42
CGACAG;10.92
CGACAT;12.03
CGACCA;10.09
CGACCC;6.08
CGACCG;8.15
CGACCT;10.74
CGACGA;11.61
CGACGC;8.59
CGACGG;8.15
CGACGT;9
CGACTA;9.93
CGACTC;9.37
CGACTG;9.02
CGACTT;10.52
CGAGAA;16.86
CGAGAC;11.54
CGAGAG;12.54
CGAGAT;13.51
CGAGCA;11.81
CGAGCC;8.55
CGAGCG;7.58
CGAGCT;12.33
CGAGGA;16.41
CGAGGC;6.19
CGAGGG;4.16
CGAGGT;8.04
CGAGTA;9.56
CGAGTC;6.08
CGAGTG;9.96
CGAGTT;8.92
CGATAA;2.26
CGATAC;6.54
CGATAG;0.61
CGATAT;4.22
CGATCA;5.5
CGATCC;8.14
CGATCG;4.84
CGATCT;4.63
CGATGA;12.16
CGATGC;8.16
CGATGG;7.98
CGATGT;8.95
CGATTA;3.4
CGATTC;5.95
CGATTG;4.7
CGATTT;4.89
CGCAAA;7.04
CGCAAC;9.82
CGCAAG;10.88
CGCAAT;4.97
CGCACA;3.91
CGCACC;4.44
CGCACG;3.42
CGCACT;4.75
CGCAGA;10.77
CGCAGC;10.01
CGCAGG;3.11
CGCAGT;5.26
CGCATA;1.04
CGCATC;11.91
CGCATG;7.43
CGCATT;2.89
CGCCAA;10.83
CGCCAC;8.27
CGCCAG;10.94
CGCCAT;10.9
CGCCCA;2.88
CGCCCC;-1.25
CGCCCG;2.69
CGCCCT;2.14
CGCCGA;9.35
CGCCGC;6.58
CGCCGG;5.76
CGCCGT;7.77
CGCCTA;6.28
CGCCTC;4.73
CGCCTG;7.09
CGCCTT;7.23
CGCGAA;3.21
CGCGAC;5.69
CGCGAG;5.44
CGCGAT;3.61
CGCGCA;3.72
CGCGCC;2.31
CGCGCG;-0.57
CGCGCT;3.51
CGCGGA;6.26
CGCGGC;4.56
CGCGGG;-2.32
CGCGGT;0.69
CGCGTA;3.18
CGCGTC;4.83
CGCGTG;3.88
CGCGTT;2.24
CGCTAA;0.49
CGCTAC;10.28
CGCTAG;0.49
CGCTAT;7.19
CGCTCA;6.23
CGCTCC;3.9
CGCTCG;3.36
CGCTCT;3.18
CGCTGA;7.05
CGCTGC;12.85
CGCTGG;9.39
CGCTGT;6.69
CGCTTA;1.58
CGCTTC;10.33
CGCTTG;0.92
CGCTTT;4.43
CGGAAA;11.25
CGGAAC;10.31
CGGAAG;16.16
CGGAAT;8.17
CGGACA;8.77
CGGACC;10.96
CGGACG;6.43
CGGACT;7.67
CGGAGA;11.91
CGGAGC;12.02
CGGAGG;9.22
CGGAGT;5.28
CGGATA;5.15
CGGATC;11.12
CGGATG;10.97
CGGATT;6.4
CGGCAA;10.64
CGGCAC;9.5
CGGCAG;11.19
CGGCAT;6.86
CGGCCA;9.05
CGGCCC;5.22
CGGCCG;5.07
CGGCCT;7.59
CGGCGA;7.8
CGGCGC;5.32
CGGCGG;5.86
CGGCGT;7.34
CGGCTA;8.37
CGGCTC;8.26
CGGCTG;13.39
CGGCTT;7.55
CGGGAA;7.91
CGGGAC;9.69
CGGGAG;8.1
CGGGAT;6.55
CGGGCA;2.07
CGGGCC;4.24
CGGGCG;-2.2
CGGGCT;2.34
CGGGGA;0.7
CGGGGC;-6
CGGGGG;-8.85
CGGGGT;-5.11
CGGGTA;-0.96
CGGGTC;0.63
CGGGTG;-4.89
CGGGTT;-0.31
CGGTAA;-0.39
CGGTAC;4.08
CGGTAG;-4.09
CGGTAT;1.67
CGGTCA;4.63
CGGTCC;3.27
CGGTCG;3.17
CGGTCT;2.01
CGGTGA;3.96
CGGTGC;6.74
CGGTGG;1.39
CGGTGT;4.53
CGGTTA;3.62
CGGTTC;4.83
CGGTTG;3.69
CGGTTT;2.23
CGTAAA;1.37
CGTAAC;0.25
CGTAAG;0.7
CGTAAT;-1.57
CGTACA;4.91
CGTACC;3.45
CGTACG;3.67
CGTACT;1.68
CGTAGA;0.53
CGTAGC;-0.14
CGTAGG;-2.78
CGTAGT;-1.63
CGTATA;-1.4
CGTATC;3.4
CGTATG;1.89
CGTATT;-1.41
CGTCAA;12.3
CGTCAC;7.24
CGTCAG;7.92
CGTCAT;9.73
CGTCCA;7.66
CGTCCC;-1.82
CGTCCG;6.51
CGTCCT;4.51
CGTCGA;7.19
CGTCGC;6.96
CGTCGG;6.77
CGTCGT;5.51
CGTCTA;7.44
CGTCTC;2.96
CGTCTG;5.69
CGTCTT;4.71
CGTGAA;8.16
CGTGAC;6.8
CGTGAG;5.84
CGTGAT;7.13
CGTGCA;6.03
CGTGCC;6.13
CGTGCG;7.53
CGTGCT;7.98
CGTGGA;15.48
CGTGGC;7.08
CGTGGG;1.09
CGTGGT;8.13
CGTGTA;2.86
CGTGTC;5.4
CGTGTG;1.3
CGTGTT;1.59
CGTTAA;-1.14
CGTTAC;2.64
CGTTAG;-3.04
CGTTAT;-0.18
CGTTCA;4.56
CGTTCC;2.95
CGTTCG;3.79
CGTTCT;1.56
CGTTGA;2.41
CGTTGC;3.07
CGTTGG;1.56
CGTTGT;2.25
CGTTTA;0.63
CGTTTC;-0.38
CGTTTG;2.6
CGTTTT;-4.22
CTAAAA;-6.75
CTAAAC;-1.22
CTAAAG;-0.35
CTAAAT;-10.5
CTAACA;-4.77
CTAACC;-3.8
CTAACG;-0.02
CTAACT;-9.01
CTAAGA;-4.24
CTAAGC;-4.69
CTAAGG;-4.23
CTAAGT;-10.6
CTAATA;-9.66
CTAATC;-4.5
CTAATG;-4.09
CTAATT;-12.5
CTACAA;14.86
CTACAC;9.79
CTACAG;11.24
CTACAT;6.51
CTACCA;11.71
CTACCC;1.31
CTACCG;10.39
CTACCT;7.13
CTACGA;13.94
CTACGC;9.9
CTACGG;11.28
CTACGT;9.87
CTACTA;3.34
CTACTC;3.02
CTACTG;7.42
CTACTT;1.08
CTAGAA;-3.74
CTAGAC;-2.49
CTAGAG;-4.47
CTAGAT;-3.5
CTAGCA;-3.66
CTAGCC;-5.41
CTAGCG;1.1
CTAGCT;-6.7
CTAGGA;-9.61
CTAGGC;-9.48
CTAGGG;-15.12
CTAGGT;-11.18
CTAGTA;-8.29
CTAGTC;-5.9
CTAGTG;-4.7
CTAGTT;-10.3
CTATAA;-6.45
CTATAC;1.64
CTATAG;-4.36
CTATAT;-6.18
CTATCA;4.3
CTATCC;1.05
CTATCG;7.38
CTATCT;-4.33
CTATGA;11.67
CTATGC;5.54
CTATGG;6.83
CTATGT;-1.95
CTATTA;-6.43
CTATTC;-1.85
CTATTG;0.21
CTATTT;-16.22
CTCAAA;1
CTCAAC;9.97
CTCAAG;10.54
CTCAAT;2.68
CTCACA;-2.66
CTCACC;0.65
CTCACG;0.63
CTCACT;-5.63
CTCAGA;4.33
CTCAGC;4.28
CTCAGG;-4.59
CTCAGT;-2.14
CTCATA;-5.8
CTCATC;9.84
CTCATG;-1.28
CTCATT;-8.24
CTCCAA;9.34
CTCCAC;3.54
CTCCAG;8.44
CTCCAT;1.81
CTCCCA;-6.15
CTCCCC;-16.65
CTCCCG;1.73
CTCCCT;-12.92
CTCCGA;9.28
CTCCGC;3.71
CTCCGG;7.27
CTCCGT;3.08
CTCCTA;-1.13
CTCCTC;-5.12
CTCCTG;2.28
CTCCTT;-7.45
CTCGAA;8.95
CTCGAC;8.58
CTCGAG;7.44
CTCGAT;5.58
CTCGCA;4.69
CTCGCC;3.58
CTCGCG;0.29
CTCGCT;2.53
CTCGGA;8.69
CTCGGC;6.65
CTCGGG;-0.27
CTCGGT;1.99
CTCGTA;1.63
CTCGTC;5.38
CTCGTG;2.96
CTCGTT;1.06
CTCTAA;-6.36
CTCTAC;7.73
CTCTAG;-9.22
CTCTAT;0.07
CTCTCA;-3.76
CTCTCC;-8.97
CTCTCG;-0.62
CTCTCT;-14.74
CTCTGA;-3.16
CTCTGC;-3.21
CTCTGG;-2.77
CTCTGT;-10.57
CTCTTA;-9.14
CTCTTC;-0.41
CTCTTG;-8.17
CTCTTT;-14.18
CTGAAA;6.61
CTGAAC;8.11
CTGAAG;20.06
CTGAAT;-2.98
CTGACA;5.6
CTGACC;1.94
CTGACG;9.24
CTGACT;-0.58
CTGAGA;1.11
CTGAGC;2.02
CTGAGG;-3.46
CTGAGT;-4.95
CTGATA;-2.23
CTGATC;6
CTGATG;14.45
CTGATT;-5.42
CTGCAA;13.48
CTGCAC;8.24
CTGCAG;15.7
CTGCAT;1.07
CTGCCA;8.07
CTGCCC;-5.97
CTGCCG;8.84
CTGCCT;-4.09
CTGCGA;12.07
CTGCGC;9.48
CTGCGG;10.88
CTGCGT;6.57
CTGCTA;2.93
CTGCTC;3.46
CTGCTG;15.07
CTGCTT;-5.13
CTGGAA;16.33
CTGGAC;18.36
CTGGAG;19.34
CTGGAT;15.83
CTGGCA;5.35
CTGGCC;4.85
CTGGCG;6.11
CTGGCT;1.19
CTGGGA;-3.65
CTGGGC;-10.07
CTGGGG;-22.41
CTGGGT;-13.49
CTGGTA;0.45
CTGGTC;5.35
CTGGTG;10.85
CTGGTT;-1.84
CTGTAA;-10.89
CTGTAC;5.32
CTGTAG;-8.92
CTGTAT;-4.12
CTGTCA;1.32
CTGTCC;-6.02
CTGTCG;4.44
CTGTCT;-7.67
CTGTGA;4.39
CTGTGC;2.95
CTGTGG;1.51
CTGTGT;-8.58
CTGTTA;-7.45
CTGTTC;-3.26
CTGTTG;-4.97
CTGTTT;-16.07
CTTAAA;-11.02
CTTAAC;-6.86
CTTAAG;-7.21
CTTAAT;-10.7
CTTACA;-0.22
CTTACC;-2.33
CTTACG;2.25
CTTACT;-6.85
CTTAGA;-8.02
CTTAGC;-6.73
CTTAGG;-11.59
CTTAGT;-12.35
CTTATA;-10.26
CTTATC;-1.01
CTTATG;-2.42
CTTATT;-13.98
CTTCAA;11.59
CTTCAC;6.65
CTTCAG;8.63
CTTCAT;3.52
CTTCCA;6.98
CTTCCC;-12.74
CTTCCG;11
CTTCCT;-6.11
CTTCGA;15.59
CTTCGC;7.92
CTTCGG;10.74
CTTCGT;8.03
CTTCTA;-1.34
CTTCTC;-4.75
CTTCTG;-1.2
CTTCTT;-5.45
CTTGAA;-0.24
CTTGAC;-1.8
CTTGAG;-7.18
CTTGAT;-2.5
CTTGCA;0.22
CTTGCC;-5.86
CTTGCG;1.35
CTTGCT;-6.96
CTTGGA;6.65
CTTGGC;-4.29
CTTGGG;-12.69
CTTGGT;-6.22
CTTGTA;-6.7
CTTGTC;-6.46
CTTGTG;-4.07
CTTGTT;-12.49
CTTTAA;-16.98
CTTTAC;-3.36
CTTTAG;-12.57
CTTTAT;-15.04
CTTTCA;-9.51
CTTTCC;-12.98
CTTTCG;2.73
CTTTCT;-18.07
CTTTGA;1.81
CTTTGC;-3.41
CTTTGG;-2.05
CTTTGT;-10.75
CTTTTA;-21.92
CTTTTC;-18.78
CTTTTG;-9.91
CTTTTT;-32
GAAAAA;10.31
GAAAAC;9.47
GAAAAG;11.31
GAAAAT;5.13
GAAACA;8.22
GAAACC;6.31
GAAACG;9.18
GAAACT;8.73
GAAAGA;12.61
GAAAGC;7.36
GAAAGG;0.29
GAAAGT;1.39
GAAATA;-3.56
GAAATC;6.5
GAAATG;1.76
GAAATT;2.23
GAACAA;15.21
GAACAC;5.29
GAACAG;11.19
GAACAT;7.18
GAACCA;10.78
GAACCC;4.41
GAACCG;10.06
GAACCT;8.82
GAACGA;11.7
GAACGC;8.95
GAACGG;8.94
GAACGT;7.03
GAACTA;3.53
GAACTC;6.02
GAACTG;9.27
GAACTT;5.52
GAAGAA;34.35
GAAGAC;19.14
GAAGAG;20.09
GAAGAT;25.48
GAAGCA;17.39
GAAGCC;13.35
GAAGCG;10.99
GAAGCT;18.55
GAAGGA;19.3
GAAGGC;10.62
GAAGGG;-6.79
GAAGGT;5.21
GAAGTA;3.31
GAAGTC;7.31
GAAGTG;6.66
GAAGTT;8
GAATAA;-7.61
GAATAC;3.49
GAATAG;-8.36
GAATAT;-0.69
GAATCA;4.35
GAATCC;5.84
GAATCG;6.37
GAATCT;2.53
GAATGA;2.95
GAATGC;5.69
GAATGG;2.02
GAATGT;-1.29
GAATTA;-2.86
GAATTC;2.5
GAATTG;1.24
GAATTT;-3.38
GACAAA;10.29
GACAAC;14.85
GACAAG;16.1
GACAAT;7.9
GACACA;5.37
GACACC;10.2
GACACG;6.23
GACACT;3.56
GACAGA;7.36
GACAGC;14.09
GACAGG;-4.59
GACAGT;6.25
GACATA;-0.4
GACATC;13.51
GACATG;9.15
GACATT;2.67
GACCAA;14.31
GACCAC;9.47
GACCAG;8.48
GACCAT;7.78
GACCCA;5.04
GACCCC;2.75
GACCCG;6.38
GACCCT;3.74
GACCGA;12.18
GACCGC;8.08
GACCGG;10.38
GACCGT;7.04
GACCTA;3.07
GACCTC;9.36
GACCTG;12.73
GACCTT;4.54
GACGAA;11.01
GACGAC;12.85
GACGAG;15.13
GACGAT;8.41
GACGCA;6.16
GACGCC;10.51
GACGCG;6.4
GACGCT;8.7
GACGGA;8.04
GACGGC;11.72
GACGGG;0.91
GACGGT;5.35
GACGTA;2.8
GACGTC;11.83
GACGTG;8.97
GACGTT;1.8
GACTAA;-3.28
GACTAC;13.26
GACTAG;-5.17
GACTAT;6.27
GACTCA;2.38
GACTCC;2.98
GACTCG;5.93
GACTCT;0.63
GACTGA;0.28
GACTGC;8.99
GACTGG;3.97
GACTGT;2.13
GACTTA;-2.42
GACTTC;11.06
GACTTG;3.06
GACTTT;-1.82
GAGAAA;13.2
GAGAAC;12.61
GAGAAG;23.71
GAGAAT;4.14
GAGACA;6.09
GAGACC;10.25
GAGACG;7.71
GAGACT;6.17
GAGAGA;4.7
GAGAGC;8.08
GAGAGG;-4.66
GAGAGT;0.67
GAGATA;0.12
GAGATC;14.15
GAGATG;10.79
GAGATT;3.57
GAGCAA;10.73
GAGCAC;7.98
GAGCAG;15.82
GAGCAT;2.67
GAGCCA;6.03
GAGCCC;1.66
GAGCCG;7.27
GAGCCT;1.91
GAGCGA;12.66
GAGCGC;8.98
GAGCGG;10.07
GAGCGT;5.8
GAGCTA;4.61
GAGCTC;8.15
GAGCTG;16.76
GAGCTT;2.35
GAGGAA;15.11
GAGGAC;15.74
GAGGAG;17.45
GAGGAT;11.6
GAGGCA;1.8
GAGGCC;2.31
GAGGCG;3.7
GAGGCT;0.75
GAGGGA;-13.61
GAGGGC;-7.22
GAGGGG;-20.28
GAGGGT;-14.49
GAGGTA;-6.71
GAGGTC;0.69
GAGGTG;-0.7
GAGGTT;-3.28
GAGTAA;-4.54
GAGTAC;9.41
GAGTAG;-7.03
GAGTAT;0.02
GAGTCA;1.22
GAGTCC;3.03
GAGTCG;1.8
GAGTCT;-3.57
GAGTGA;0.17
GAGTGC;2.35
GAGTGG;-3.51
GAGTGT;-1.3
GAGTTA;-2.99
GAGTTC;6.18
GAGTTG;1.55
GAGTTT;-3.91
GATAAA;0.74
GATAAC;1.2
GATAAG;0.09
GATAAT;-4.71
GATACA;3.51
GATACC;5.55
GATACG;2.48
GATACT;-2.01
GATAGA;-0.92
GATAGC;0.41
GATAGG;-7.2
GATAGT;-3.93
GATATA;-4.43
GATATC;4.32
GATATG;3.76
GATATT;-1.9
GATCAA;13.03
GATCAC;6.77
GATCAG;8.72
GATCAT;5.83
GATCCA;12.81
GATCCC;5.38
GATCCG;11.18
GATCCT;11.75
GATCGA;12.14
GATCGC;9.62
GATCGG;9.22
GATCGT;8.63
GATCTA;2.72
GATCTC;5.4
GATCTG;5.99
GATCTT;2.61
GATGAA;22.82
GATGAC;17.25
GATGAG;14.72
GATGAT;15.22
GATGCA;10.66
GATGCC;12.53
GATGCG;7.67
GATGCT;11.64
GATGGA;13.88
GATGGC;12.07
GATGGG;-6.1
GATGGT;5.7
GATGTA;2.16
GATGTC;8.48
GATGTG;3.85
GATGTT;1.26
GATTAA;-5.36
GATTAC;3.35
GATTAG;-7.7
GATTAT;-0.52
GATTCA;4.99
GATTCC;4.29
GATTCG;6.77
GATTCT;0.5
GATTGA;1.26
GATTGC;5.11
GATTGG;0.95
GATTGT;-1.26
GATTTA;-6.84
GATTTC;-2.83
GATTTG;-0.3
GATTTT;-11.55
GCAAAA;6.94
GCAAAC;5.84
GCAAAG;8.85
GCAAAT;2.03
GCAACA;14.31
GCAACC;8.26
GCAACG;10.75
GCAACT;8.21
GCAAGA;14.99
GCAAGC;10.98
GCAAGG;4.18
GCAAGT;5.54
GCAATA;0.55
GCAATC;6.7
GCAATG;6.75
GCAATT;-0.14
GCACAA;9.02
GCACAC;1.21
GCACAG;2.19
GCACAT;1.98
GCACCA;10.85
GCACCC;0.25
GCACCG;9.69
GCACCT;4.66
GCACGA;8.86
GCACGC;4.7
GCACGG;3.01
GCACGT;1.81
GCACTA;1.61
GCACTC;1.27
GCACTG;2.76
GCACTT;-4.43
GCAGAA;16.97
GCAGAC;8.81
GCAGAG;5.56
GCAGAT;12.27
GCAGCA;17.93
GCAGCC;9.31
GCAGCG;13.33
GCAGCT;17.14
GCAGGA;10.16
GCAGGC;0.74
GCAGGG;-18.08
GCAGGT;-4.27
GCAGTA;4.84
GCAGTC;4.98
GCAGTG;2.67
GCAGTT;4.42
GCATAA;-5.6
GCATAC;-1.33
GCATAG;-9.14
GCATAT;-2.48
GCATCA;10.57
GCATCC;6.39
GCATCG;12.5
GCATCT;2.69
GCATGA;2.97
GCATGC;-1.6
GCATGG;-0.33
GCATGT;-4.69
GCATTA;-4.88
GCATTC;-2.73
GCATTG;2.82
GCATTT;-11.72
GCCAAA;9.95
GCCAAC;12.15
GCCAAG;12.58
GCCAAT;8.15
GCCACA;7.01
GCCACC;8.24
GCCACG;5.96
GCCACT;1.99
GCCAGA;9.7
GCCAGC;8.77
GCCAGG;-6.69
GCCAGT;5.27
GCCATA;0.84
GCCATC;13.71
GCCATG;7.06
GCCATT;4.48
GCCCAA;7.12
GCCCAC;0.67
GCCCAG;0.89
GCCCAT;1.74
GCCCCA;-5.12
GCCCCC;-0.62
GCCCCG;-1.23
GCCCCT;-8.37
GCCCGA;9.93
GCCCGC;2.89
GCCCGG;4.34
GCCCGT;3.07
GCCCTA;-1.44
GCCCTC;-3.05
GCCCTG;-1
GCCCTT;-3.4
GCCGAA;9.63
GCCGAC;10.83
GCCGAG;10.6
GCCGAT;7.09
GCCGCA;9.15
GCCGCC;8.59
GCCGCG;1.35
GCCGCT;8.31
GCCGGA;11.78
GCCGGC;4.24
GCCGGG;-3.28
GCCGGT;1.26
GCCGTA;1.61
GCCGTC;6.32
GCCGTG;10.04
GCCGTT;2.73
GCCTAA;-3.54
GCCTAC;10.07
GCCTAG;-8.74
GCCTAT;2.53
GCCTCA;2.11
GCCTCC;1.51
GCCTCG;4.02
GCCTCT;-5.24
GCCTGA;2.96
GCCTGC;2.97
GCCTGG;-0.36
GCCTGT;-2.98
GCCTTA;-2.8
GCCTTC;5.5
GCCTTG;-2.02
GCCTTT;-5.1
GCGAAA;7.28
GCGAAC;4.82
GCGAAG;7.33
GCGAAT;4.77
GCGACA;10.37
GCGACC;7.76
GCGACG;7.54
GCGACT;9.18
GCGAGA;11.59
GCGAGC;10.27
GCGAGG;4.78
GCGAGT;9.04
GCGATA;1.83
GCGATC;5.46
GCGATG;7.26
GCGATT;6.17
GCGCAA;9.45
GCGCAC;3.25
GCGCAG;5.33
GCGCAT;5.99
GCGCCA;9.89
GCGCCC;1.84
GCGCCG;5.4
GCGCCT;7.68
GCGCGA;3.95
GCGCGC;2.47
GCGCGG;-1.53
GCGCGT;3.91
GCGCTA;6.09
GCGCTC;4.11
GCGCTG;8.21
GCGCTT;6.56
GCGGAA;12.27
GCGGAC;8.05
GCGGAG;8.32
GCGGAT;8.13
GCGGCA;9.72
GCGGCC;9.08
GCGGCG;5.11
GCGGCT;13.45
GCGGGA;6.11
GCGGGC;-0.53
GCGGGG;-14.59
GCGGGT;-4.42
GCGGTA;0.11
GCGGTC;4.26
GCGGTG;0.58
GCGGTT;4.36
GCGTAA;1.02
GCGTAC;4.53
GCGTAG;-3.38
GCGTAT;2.57
GCGTCA;7.34
GCGTCC;2.3
GCGTCG;5.12
GCGTCT;5.2
GCGTGA;5.36
GCGTGC;4.37
GCGTGG;1.87
GCGTGT;-0.28
GCGTTA;0.27
GCGTTC;2.85
GCGTTG;3.23
GCGTTT;-0.91
GCTAAA;0.76
GCTAAC;-2.63
GCTAAG;-1.19
GCTAAT;-5.29
GCTACA;12.75
GCTACC;9.13
GCTACG;10.85
GCTACT;4.92
GCTAGA;1.92
GCTAGC;-3.28
GCTAGG;-10.1
GCTAGT;-4.08
GCTATA;-2.31
GCTATC;3.95
GCTATG;5.57
GCTATT;-4.14
GCTCAA;10.58
GCTCAC;-0.45
GCTCAG;0.93
GCTCAT;3.58
GCTCCA;8.39
GCTCCC;-5.41
GCTCCG;7.45
GCTCCT;1.05
GCTCGA;8.7
GCTCGC;5.8
GCTCGG;4.33
GCTCGT;4.43
GCTCTA;3.42
GCTCTC;0.01
GCTCTG;-3.91
GCTCTT;0.2
GCTGAA;17.76
GCTGAC;11.29
GCTGAG;2.38
GCTGAT;9.18
GCTGCA;16.32
GCTGCC;8.63
GCTGCG;12.44
GCTGCT;14.38
GCTGGA;19.93
GCTGGC;8.11
GCTGGG;-18.15
GCTGGT;7.11
GCTGTA;1.26
GCTGTC;4.68
GCTGTG;2.41
GCTGTT;-0.99
GCTTAA;-5.72
GCTTAC;-1.05
GCTTAG;-7.1
GCTTAT;-3.84
GCTTCA;8.38
GCTTCC;1.62
GCTTCG;10.3
GCTTCT;-1.66
GCTTGA;-0.86
GCTTGC;-4.15
GCTTGG;-6.58
GCTTGT;-6.41
GCTTTA;-8.23
GCTTTC;-6.34
GCTTTG;-1.61
GCTTTT;-13.23
GGAAAA;9.83
GGAAAC;6.79
GGAAAG;-0.83
GGAAAT;4.6
GGAACA;11.31
GGAACC;7.28
GGAACG;8.99
GGAACT;7.26
GGAAGA;20
GGAAGC;10.87
GGAAGG;-6.39
GGAAGT;4.74
GGAATA;-1.88
GGAATC;6.81
GGAATG;1.26
GGAATT;3.09
GGACAA;16.22
GGACAC;6.72
GGACAG;2.62
GGACAT;10.09
GGACCA;12.09
GGACCC;4.79
GGACCG;9.8
GGACCT;9.71
GGACGA;14.77
GGACGC;7.46
GGACGG;3.23
GGACGT;8.24
GGACTA;5.73
GGACTC;2.66
GGACTG;2.78
GGACTT;6.62
GGAGAA;22.56
GGAGAC;12.35
GGAGAG;1.61
GGAGAT;14.96
GGAGCA;14.3
GGAGCC;4.96
GGAGCG;11.21
GGAGCT;16.05
GGAGGA;16.13
GGAGGC;1.38
GGAGGG;-25.98
GGAGGT;-1.62
GGAGTA;2.48
GGAGTC;0.51
GGAGTG;-3.59
GGAGTT;4.49
GGATAA;2.34
GGATAC;3.93
GGATAG;-4.04
GGATAT;4.62
GGATCA;8.64
GGATCC;9.18
GGATCG;8.73
GGATCT;4.06
GGATGA;16.72
GGATGC;8.6
GGATGG;-0.83
GGATGT;2.6
GGATTA;1.22
GGATTC;5.34
GGATTG;0.09
GGATTT;0.28
GGCAAA;5.47
GGCAAC;8.6
GGCAAG;4.42
GGCAAT;4.77
GGCACA;-1.95
GGCACC;4.74
GGCACG;1
GGCACT;-2.23
GGCAGA;2.91
GGCAGC;7.37
GGCAGG;-20.42
GGCAGT;-1.42
GGCATA;-5.13
GGCATC;7.47
GGCATG;-3.55
GGCATT;-2.71
GGCCAA;10.55
GGCCAC;4.86
GGCCAG;-4.03
GGCCAT;8.05
GGCCCA;1.53
GGCCCC;-5.28
GGCCCG;3.62
GGCCCT;-2.02
GGCCGA;9.87
GGCCGC;5.43
GGCCGG;-3.85
GGCCGT;4.9
GGCCTA;0.7
GGCCTC;-0.53
GGCCTG;-3.04
GGCCTT;-0.39
GGCGAA;5.61
GGCGAC;8.73
GGCGAG;6.64
GGCGAT;6.45
GGCGCA;1.82
GGCGCC;4.07
GGCGCG;-1.08
GGCGCT;5.54
GGCGGA;7.45
GGCGGC;5.87
GGCGGG;-16.55
GGCGGT;0.57
GGCGTA;0.5
GGCGTC;2.99
GGCGTG;0.7
GGCGTT;2.01
GGCTAA;-3.8
GGCTAC;12.34
GGCTAG;-8.73
GGCTAT;3.28
GGCTCA;-5.69
GGCTCC;-0.37
GGCTCG;4.56
GGCTCT;-3.27
GGCTGA;2.77
GGCTGC;6.8
GGCTGG;-15.16
GGCTGT;-2.15
GGCTTA;-3.79
GGCTTC;3.62
GGCTTG;-9.03
GGCTTT;-4.83
GGGAAA;-4.59
GGGAAC;0.39
GGGAAG;-8.41
GGGAAT;-3.36
GGGACA;-1.42
GGGACC;-1.59
GGGACG;0.92
GGGACT;-2.42
GGGAGA;-3.61
GGGAGC;-0.77
GGGAGG;-28.33
GGGAGT;-7.21
GGGATA;-5.22
GGGATC;1.14
GGGATG;-8.1
GGGATT;-3.46
GGGCAA;1.1
GGGCAC;-6.72
GGGCAG;-18
GGGCAT;-4.2
GGGCCA;-3.17
GGGCCC;-8.92
GGGCCG;-4.37
GGGCCT;-7.81
GGGCGA;4.09
GGGCGC;-1.61
GGGCGG;-14.38
GGGCGT;-2.83
GGGCTA;-2.48
GGGCTC;-8.24
GGGCTG;-18.24
GGGCTT;-7.52
GGGGAA;-10.37
GGGGAC;-5.63
GGGGAG;-18.66
GGGGAT;-8.45
GGGGCA;-15.05
GGGGCC;-12.36
GGGGCG;-12.07
GGGGCT;-18.05
GGGGGA;-15.54
GGGGGC;-17.52
GGGGGG;-18.86
GGGGGT;-21.79
GGGGTA;-12.23
GGGGTC;-13.3
GGGGTG;-26.64
GGGGTT;-16.15
GGGTAA;-10.49
GGGTAC;-4.72
GGGTAG;-15.08
GGGTAT;-7.27
GGGTCA;-6.74
GGGTCC;-7.87
GGGTCG;-2.09
GGGTCT;-12.63
GGGTGA;-9.25
GGGTGC;-11.28
GGGTGG;-31.11
GGGTGT;-13.84
GGGTTA;-7.93
GGGTTC;-7.53
GGGTTG;-15.65
GGGTTT;-13.68
GGTAAA;-9.92
GGTAAC;-5.86
GGTAAG;-10.95
GGTAAT;-9.5
GGTACA;-0.36
GGTACC;1.74
GGTACG;4.07
GGTACT;-2.02
GGTAGA;-7.09
GGTAGC;-3.65
GGTAGG;-17.15
GGTAGT;-8.13
GGTATA;-6.54
GGTATC;-1.6
GGTATG;-5.36
GGTATT;-7.15
GGTCAA;4.89
GGTCAC;1.13
GGTCAG;-7.05
GGTCAT;3.85
GGTCCA;2.95
GGTCCC;-6.34
GGTCCG;5.35
GGTCCT;-1.66
GGTCGA;5.17
GGTCGC;2.67
GGTCGG;-1.59
GGTCGT;5.37
GGTCTA;-1.41
GGTCTC;-6.51
GGTCTG;-8.01
GGTCTT;-4.53
GGTGAA;7.3
GGTGAC;2.22
GGTGAG;-10.01
GGTGAT;3.65
GGTGCA;2.76
GGTGCC;-2.05
GGTGCG;2.27
GGTGCT;0.29
GGTGGA;8.47
GGTGGC;-3.36
GGTGGG;-30.97
GGTGGT;-3.75
GGTGTA;-0.31
GGTGTC;-1.42
GGTGTG;-8.31
GGTGTT;-3.13
GGTTAA;-6.83
GGTTAC;0.08
GGTTAG;-8.83
GGTTAT;-5.23
GGTTCA;-0.61
GGTTCC;-2.14
GGTTCG;5.26
GGTTCT;-4.52
GGTTGA;-3.34
GGTTGC;-1.83
GGTTGG;-12.34
GGTTGT;-4.85
GGTTTA;-8.53
GGTTTC;-9.34
GGTTTG;-6.71
GGTTTT;-15.72
GTAAAA;-10.37
GTAAAC;-5.09
GTAAAG;-4.4
GTAAAT;-11.39
GTAACA;-6.2
GTAACC;-2.39
GTAACG;1.52
GTAACT;-7.88
GTAAGA;-6.75
GTAAGC;-4.63
GTAAGG;-7.59
GTAAGT;-12.21
GTAATA;-12.42
GTAATC;-9.66
GTAATG;-7.72
GTAATT;-15.54
GTACAA;5.64
GTACAC;2.53
GTACAG;4.29
GTACAT;-0.99
GTACCA;5.58
GTACCC;2.71
GTACCG;9.08
GTACCT;4.35
GTACGA;7.91
GTACGC;5.77
GTACGG;7.28
GTACGT;2.28
GTACTA;0.06
GTACTC;-0.37
GTACTG;0.81
GTACTT;-5.46
GTAGAA;-5.05
GTAGAC;-3.54
GTAGAG;-5.53
GTAGAT;-3.84
GTAGCA;-3.89
GTAGCC;-2.85
GTAGCG;-0.55
GTAGCT;-5.62
GTAGGA;-9.05
GTAGGC;-9.53
GTAGGG;-14.85
GTAGGT;-10.84
GTAGTA;-8.99
GTAGTC;-5.72
GTAGTG;-6.22
GTAGTT;-12.41
GTATAA;-8.7
GTATAC;-4.59
GTATAG;-8.16
GTATAT;-10.79
GTATCA;-1.05
GTATCC;0.35
GTATCG;4.47
GTATCT;-5.07
GTATGA;2.88
GTATGC;0.36
GTATGG;1.3
GTATGT;-8.81
GTATTA;-8.69
GTATTC;-4.89
GTATTG;-6.24
GTATTT;-18.13
GTCAAA;5.39
GTCAAC;10.64
GTCAAG;7.93
GTCAAT;1.93
GTCACA;0.46
GTCACC;6.38
GTCACG;2.58
GTCACT;-3.19
GTCAGA;3.39
GTCAGC;4.93
GTCAGG;-8.31
GTCAGT;-0.33
GTCATA;-5.39
GTCATC;10.28
GTCATG;0.02
GTCATT;-4.05
GTCCAA;5.88
GTCCAC;4.72
GTCCAG;5.15
GTCCAT;3.74
GTCCCA;-3.19
GTCCCC;-7.74
GTCCCG;0.87
GTCCCT;-7.2
GTCCGA;8.36
GTCCGC;3.69
GTCCGG;5.08
GTCCGT;3.65
GTCCTA;-1.22
GTCCTC;1.14
GTCCTG;0.09
GTCCTT;-5.87
GTCGAA;7.29
GTCGAC;6.39
GTCGAG;5.58
GTCGAT;4.86
GTCGCA;4.31
GTCGCC;4.24
GTCGCG;2.13
GTCGCT;6.03
GTCGGA;8.31
GTCGGC;6.24
GTCGGG;-1.36
GTCGGT;3.29
GTCGTA;2.16
GTCGTC;7.08
GTCGTG;5.61
GTCGTT;0.27
GTCTAA;-5.61
GTCTAC;7.32
GTCTAG;-7.67
GTCTAT;0.34
GTCTCA;-4.96
GTCTCC;-1.58
GTCTCG;-0.79
GTCTCT;-8.58
GTCTGA;1.31
GTCTGC;1.18
GTCTGG;-5.09
GTCTGT;-9.11
GTCTTA;-7.38
GTCTTC;0.37
GTCTTG;-7.92
GTCTTT;-12.52
GTGAAA;3.27
GTGAAC;7.09
GTGAAG;12.62
GTGAAT;-1.93
GTGACA;4.57
GTGACC;6.18
GTGACG;7.75
GTGACT;-3.04
GTGAGA;-2.83
GTGAGC;3.97
GTGAGG;-5.94
GTGAGT;-6.83
GTGATA;-1.14
GTGATC;6.67
GTGATG;7.48
GTGATT;-6.31
GTGCAA;5.29
GTGCAC;3.21
GTGCAG;3.63
GTGCAT;-3.45
GTGCCA;7.23
GTGCCC;-0.2
GTGCCG;6.16
GTGCCT;0.36
GTGCGA;4.9
GTGCGC;7.78
GTGCGG;4.57
GTGCGT;-0.57
GTGCTA;-1.15
GTGCTC;2.75
GTGCTG;7.28
GTGCTT;-7.56
GTGGAA;10.58
GTGGAC;13.89
GTGGAG;12.69
GTGGAT;11.59
GTGGCA;1.91
GTGGCC;5.72
GTGGCG;2.84
GTGGCT;-3.02
GTGGGA;-9.85
GTGGGC;-9.64
GTGGGG;-26.77
GTGGGT;-14.41
GTGGTA;-2.82
GTGGTC;1.56
GTGGTG;2.72
GTGGTT;-5.27
GTGTAA;-8.86
GTGTAC;1.77
GTGTAG;-8.8
GTGTAT;-7.67
GTGTCA;2.04
GTGTCC;0.72
GTGTCG;3.88
GTGTCT;-6.58
GTGTGA;-1.72
GTGTGC;-2.42
GTGTGG;-5.4
GTGTGT;-25.9
GTGTTA;-10.68
GTGTTC;-0.61
GTGTTG;-7.96
GTGTTT;-13.76
GTTAAA;-10.35
GTTAAC;-5.64
GTTAAG;-7.58
GTTAAT;-11.82
GTTACA;-1.85
GTTACC;1.69
GTTACG;3.67
GTTACT;-6.47
GTTAGA;-6.73
GTTAGC;-4.45
GTTAGG;-10.95
GTTAGT;-8.93
GTTATA;-10
GTTATC;-3.63
GTTATG;-3.98
GTTATT;-13.71
GTTCAA;6.05
GTTCAC;0.77
GTTCAG;3.03
GTTCAT;-1.93
GTTCCA;5.02
GTTCCC;-4.27
GTTCCG;7
GTTCCT;0.04
GTTCGA;10.61
GTTCGC;5.74
GTTCGG;5.51
GTTCGT;3.22
GTTCTA;-4.46
GTTCTC;-5
GTTCTG;-2.71
GTTCTT;-8.54
GTTGAA;0.75
GTTGAC;0.4
GTTGAG;-4.27
GTTGAT;-1.33
GTTGCA;0.14
GTTGCC;0.02
GTTGCG;1.91
GTTGCT;-3.49
GTTGGA;5.66
GTTGGC;-0.79
GTTGGG;-13.62
GTTGGT;-5.53
GTTGTA;-7.66
GTTGTC;-4.03
GTTGTG;-4.51
GTTGTT;-12.13
GTTTAA;-13.85
GTTTAC;-4.65
GTTTAG;-10.53
GTTTAT;-13.26
GTTTCA;-7.69
GTTTCC;-6.46
GTTTCG;2.91
GTTTCT;-15.24
GTTTGA;0.18
GTTTGC;-0.83
GTTTGG;-3.8
GTTTGT;-12.16
GTTTTA;-19.46
GTTTTC;-17.49
GTTTTG;-15.79
GTTTTT;-28.26
TAAAAA;-22.85
TAAAAC;-10.87
TAAAAG;-6.94
TAAAAT;-26.01
TAAACA;-8.25
TAAACC;-1.55
TAAACG;1.67
TAAACT;-9.37
TAAAGA;1.12
TAAAGC;-1.96
TAAAGG;-4.46
TAAAGT;-10.21
TAAATA;-23.12
TAAATC;-6.91
TAAATG;-13.39
TAAATT;-22.16
TAACAA;-5.65
TAACAC;-6.19
TAACAG;-5.62
TAACAT;-10.02
TAACCA;-4.11
TAACCC;-3.62
TAACCG;2.99
TAACCT;-5.98
TAACGA;2.61
TAACGC;0.38
TAACGG;1.8
TAACGT;-2.29
TAACTA;-8.86
TAACTC;-6.83
TAACTG;-7.85
TAACTT;-16.16
TAAGAA;-4.05
TAAGAC;-4.18
TAAGAG;-7.36
TAAGAT;-11.28
TAAGCA;-4.5
TAAGCC;-4.86
TAAGCG;1.09
TAAGCT;-7.69
TAAGGA;-1.41
TAAGGC;-4.66
TAAGGG;-7.48
TAAGGT;-11.59
TAAGTA;-14.68
TAAGTC;-9.09
TAAGTG;-10.55
TAAGTT;-14.41
TAATAA;-17.11
TAATAC;-10.24
TAATAG;-12.69
TAATAT;-21.37
TAATCA;-8.11
TAATCC;-7.91
TAATCG;2.39
TAATCT;-12.56
TAATGA;-2.02
TAATGC;-6.75
TAATGG;-3.69
TAATGT;-15.73
TAATTA;-20.57
TAATTC;-12.32
TAATTG;-13.64
TAATTT;-29.53
TACAAA;-0.26
TACAAC;9.11
TACAAG;10.75
TACAAT;0.46
TACACA;-1.16
TACACC;8.3
TACACG;6.95
TACACT;-3.16
TACAGA;7.59
TACAGC;11.67
TACAGG;1.44
TACAGT;-2.17
TACATA;-13.91
TACATC;7.79
TACATG;-0.31
TACATT;-10.51
TACCAA;5.22
TACCAC;4.59
TACCAG;10.27
TACCAT;2.66
TACCCA;2.85
TACCCC;-0.74
TACCCG;4.47
TACCCT;-3.2
TACCGA;8.05
TACCGC;10.17
TACCGG;8.64
TACCGT;0.35
TACCTA;-2.45
TACCTC;3.97
TACCTG;8.46
TACCTT;-6.8
TACGAA;5.61
TACGAC;10.08
TACGAG;11.34
TACGAT;6.95
TACGCA;4.39
TACGCC;8.17
TACGCG;3.76
TACGCT;5.45
TACGGA;5.77
TACGGC;9.19
TACGGG;7.27
TACGGT;2.88
TACGTA;-1.85
TACGTC;6.64
TACGTG;6.49
TACGTT;-0.99
TACTAA;-8.85
TACTAC;7.34
TACTAG;-6.63
TACTAT;-4.64
TACTCA;-2.42
TACTCC;2.37
TACTCG;4.95
TACTCT;-7.06
TACTGA;-1.67
TACTGC;4.61
TACTGG;4.01
TACTGT;-8.08
TACTTA;-12.6
TACTTC;1.73
TACTTG;-6.81
TACTTT;-16.79
TAGAAA;-10.58
TAGAAC;-5.04
TAGAAG;2.18
TAGAAT;-14.29
TAGACA;-2.73
TAGACC;-3.69
TAGACG;0.4
TAGACT;-6.99
TAGAGA;-2.51
TAGAGC;-5.16
TAGAGG;-5.68
TAGAGT;-11.27
TAGATA;-10.28
TAGATC;-1.26
TAGATG;-1.58
TAGATT;-13.55
TAGCAA;-3.69
TAGCAC;-5.82
TAGCAG;-1.25
TAGCAT;-10.39
TAGCCA;-2.93
TAGCCC;-3.81
TAGCCG;2.36
TAGCCT;-8.28
TAGCGA;3.46
TAGCGC;0.87
TAGCGG;0.6
TAGCGT;-2.63
TAGCTA;-10.15
TAGCTC;-5.74
TAGCTG;-5.67
TAGCTT;-11.81
TAGGAA;-12.59
TAGGAC;-6.31
TAGGAG;-7.61
TAGGAT;-11.18
TAGGCA;-10.25
TAGGCC;-9.81
TAGGCG;-2.73
TAGGCT;-12.89
TAGGGA;-13.09
TAGGGC;-12.87
TAGGGG;-14.09
TAGGGT;-13.3
TAGGTA;-12.9
TAGGTC;-8.23
TAGGTG;-12.11
TAGGTT;-14.42
TAGTAA;-13.16
TAGTAC;-6.83
TAGTAG;-9.24
TAGTAT;-15.27
TAGTCA;-6.6
TAGTCC;-6.41
TAGTCG;2.21
TAGTCT;-11.67
TAGTGA;-5.18
TAGTGC;-5.84
TAGTGG;-4.05
TAGTGT;-11.28
TAGTTA;-15.46
TAGTTC;-9.26
TAGTTG;-10.05
TAGTTT;-20.12
TATAAA;-18.37
TATAAC;-6.88
TATAAG;-7.48
TATAAT;-17.77
TATACA;-5.49
TATACC;-1.06
TATACG;0.6
TATACT;-10.37
TATAGA;-7.43
TATAGC;-5.28
TATAGG;-10.44
TATAGT;-12.63
TATATA;-23.31
TATATC;-5.02
TATATG;-10.07
TATATT;-21.53
TATCAA;2.62
TATCAC;0.06
TATCAG;2.6
TATCAT;-5.34
TATCCA;0.85
TATCCC;-3.61
TATCCG;6.35
TATCCT;-2.63
TATCGA;7.74
TATCGC;5.16
TATCGG;4.19
TATCGT;4.01
TATCTA;-9.16
TATCTC;-3.14
TATCTG;-4.02
TATCTT;-12.87
TATGAA;1.26
TATGAC;5.83
TATGAG;3.86
TATGAT;1.11
TATGCA;-1.17
TATGCC;3.6
TATGCG;3.56
TATGCT;-3.01
TATGGA;6.36
TATGGC;5.87
TATGGG;-1.44
TATGGT;-2.11
TATGTA;-14.97
TATGTC;-3.21
TATGTG;-6.86
TATGTT;-13.66
TATTAA;-16.62
TATTAC;-4.52
TATTAG;-13.16
TATTAT;-15.86
TATTCA;-6.31
TATTCC;-4.97
TATTCG;6.38
TATTCT;-12.63
TATTGA;-3.1
TATTGC;-3.87
TATTGG;-2.12
TATTGT;-13.96
TATTTA;-27.55
TATTTC;-15.46
TATTTG;-15.64
TATTTT;-39.88
TCAAAA;2.44
TCAAAC;3.72
TCAAAG;7.24
TCAAAT;-5.87
TCAACA;13.43
TCAACC;9.77
TCAACG;13.2
TCAACT;6.71
TCAAGA;16.6
TCAAGC;10.82
TCAAGG;10.24
TCAAGT;3.36
TCAATA;-4.8
TCAATC;1.2
TCAATG;10.44
TCAATT;-5.14
TCACAA;3.39
TCACAC;-1.56
TCACAG;1.7
TCACAT;-6.67
TCACCA;12.64
TCACCC;-0.57
TCACCG;11.41
TCACCT;2.45
TCACGA;5.09
TCACGC;1.1
TCACGG;5.78
TCACGT;1.82
TCACTA;-3.18
TCACTC;-2.86
TCACTG;-0.22
TCACTT;-10.34
TCAGAA;9.21
TCAGAC;4.73
TCAGAG;2.01
TCAGAT;3.56
TCAGCA;9.37
TCAGCC;5.25
TCAGCG;12
TCAGCT;3.76
TCAGGA;5.02
TCAGGC;-2.82
TCAGGG;-11.23
TCAGGT;-5.26
TCAGTA;-3.52
TCAGTC;-1.79
TCAGTG;1.91
TCAGTT;-5.21
TCATAA;-11.8
TCATAC;-3.99
TCATAG;-6.31
TCATAT;-11.14
TCATCA;14.54
TCATCC;8.78
TCATCG;14.73
TCATCT;1.06
TCATGA;5.35
TCATGC;-0.4
TCATGG;4.18
TCATGT;-7.61
TCATTA;-8.46
TCATTC;-7.94
TCATTG;1.38
TCATTT;-21.1
TCCAAA;4.11
TCCAAC;8.03
TCCAAG;9.05
TCCAAT;5.2
TCCACA;2.9
TCCACC;6.31
TCCACG;8.21
TCCACT;0.82
TCCAGA;15.02
TCCAGC;10.21
TCCAGG;5.97
TCCAGT;5.93
TCCATA;-3.38
TCCATC;4.38
TCCATG;2.14
TCCATT;-5.72
TCCCAA;-0.03
TCCCAC;-6.9
TCCCAG;-4.13
TCCCAT;-9.1
TCCCCA;-9.49
TCCCCC;-8.97
TCCCCG;-1.66
TCCCCT;-17.79
TCCCGA;5.9
TCCCGC;0.94
TCCCGG;5.01
TCCCGT;-0.47
TCCCTA;-8.54
TCCCTC;-13.04
TCCCTG;-4.81
TCCCTT;-16.03
TCCGAA;8.48
TCCGAC;8.33
TCCGAG;11.44
TCCGAT;6.04
TCCGCA;10.04
TCCGCC;6.06
TCCGCG;5.73
TCCGCT;4.5
TCCGGA;11.81
TCCGGC;9.19
TCCGGG;7.73
TCCGGT;5.29
TCCGTA;1.41
TCCGTC;2.83
TCCGTG;6.83
TCCGTT;-0.23
TCCTAA;-7.72
TCCTAC;4.68
TCCTAG;-7.6
TCCTAT;-3.38
TCCTCA;4.44
TCCTCC;-3.79
TCCTCG;7.69
TCCTCT;-8.31
TCCTGA;6.05
TCCTGC;3.45
TCCTGG;7.49
TCCTGT;-4.64
TCCTTA;-7.41
TCCTTC;-6.34
TCCTTG;-6.45
TCCTTT;-18.19
TCGAAA;11.06
TCGAAC;7.76
TCGAAG;10.89
TCGAAT;7.47
TCGACA;13
TCGACC;10.89
TCGACG;9
TCGACT;10.05
TCGAGA;12.69
TCGAGC;9.55
TCGAGG;10.28
TCGAGT;8.19
TCGATA;4.33
TCGATC;4.71
TCGATG;9.66
TCGATT;3.93
TCGCAA;6.81
TCGCAC;4.7
TCGCAG;7.61
TCGCAT;3.82
TCGCCA;11.13
TCGCCC;3.27
TCGCCG;7.09
TCGCCT;5.77
TCGCGA;2.98
TCGCGC;3.36
TCGCGG;2.63
TCGCGT;3.33
TCGCTA;5.14
TCGCTC;2.77
TCGCTG;8.22
TCGCTT;3.94
TCGGAA;10.24
TCGGAC;7.75
TCGGAG;8.28
TCGGAT;8.39
TCGGCA;9.69
TCGGCC;7.83
TCGGCG;6.4
TCGGCT;7.2
TCGGGA;9.02
TCGGGC;2.87
TCGGGG;0.01
TCGGGT;-1.4
TCGGTA;0.38
TCGGTC;1.36
TCGGTG;6.24
TCGGTT;1.76
TCGTAA;0.7
TCGTAC;3.42
TCGTAG;1.64
TCGTAT;-0.68
TCGTCA;11.2
TCGTCC;5.52
TCGTCG;7.17
TCGTCT;6.03
TCGTGA;7.53
TCGTGC;6.37
TCGTGG;10.86
TCGTGT;3.42
TCGTTA;-1.06
TCGTTC;2.65
TCGTTG;1.52
TCGTTT;-0.37
TCTAAA;-10.2
TCTAAC;-7.02
TCTAAG;-8.58
TCTAAT;-12.93
TCTACA;7.58
TCTACC;8.14
TCTACG;11.21
TCTACT;2.58
TCTAGA;-8.17
TCTAGC;-5.75
TCTAGG;-12.66
TCTAGT;-10.54
TCTATA;-6.66
TCTATC;-1.01
TCTATG;4.54
TCTATT;-11.97
TCTCAA;1.27
TCTCAC;-4.98
TCTCAG;-2.93
TCTCAT;-8.39
TCTCCA;4.14
TCTCCC;-11.1
TCTCCG;6.57
TCTCCT;-7.26
TCTCGA;4.58
TCTCGC;-0.15
TCTCGG;1.31
TCTCGT;-0.93
TCTCTA;-6.76
TCTCTC;-15.93
TCTCTG;-6.64
TCTCTT;-18.24
TCTGAA;-0.37
TCTGAC;-2.18
TCTGAG;-4.8
TCTGAT;-1.84
TCTGCA;4.72
TCTGCC;-3.42
TCTGCG;6.59
TCTGCT;-3.33
TCTGGA;10.48
TCTGGC;-0.05
TCTGGG;-10.88
TCTGGT;-1.67
TCTGTA;-11.39
TCTGTC;-11.36
TCTGTG;-3.87
TCTGTT;-18.03
TCTTAA;-13.72
TCTTAC;-4.97
TCTTAG;-12.51
TCTTAT;-13.07
TCTTCA;6.14
TCTTCC;-2.95
TCTTCG;10.5
TCTTCT;-6.06
TCTTGA;-7.94
TCTTGC;-5.26
TCTTGG;-4.7
TCTTGT;-10.4
TCTTTA;-17.85
TCTTTC;-18.2
TCTTTG;-6.37
TCTTTT;-31.42
TGAAAA;4.43
TGAAAC;5.05
TGAAAG;4.75
TGAAAT;-6.45
TGAACA;8.23
TGAACC;8.63
TGAACG;9.96
TGAACT;4.93
TGAAGA;28.68
TGAAGC;16.97
TGAAGG;12.4
TGAAGT;3.9
TGAATA;-7.44
TGAATC;1.45
TGAATG;-0.48
TGAATT;-8.67
TGACAA;11.36
TGACAC;4.75
TGACAG;5.57
TGACAT;2.35
TGACCA;7.19
TGACCC;2.79
TGACCG;11.68
TGACCT;4.46
TGACGA;11.1
TGACGC;9.01
TGACGG;9.83
TGACGT;4.48
TGACTA;1.73
TGACTC;-2.84
TGACTG;3.22
TGACTT;-4.65
TGAGAA;6.16
TGAGAC;-0.88
TGAGAG;-2.75
TGAGAT;-2.76
TGAGCA;4.81
TGAGCC;1.74
TGAGCG;8.97
TGAGCT;2.56
TGAGGA;12.94
TGAGGC;-1.68
TGAGGG;-13.02
TGAGGT;-7.59
TGAGTA;-6.14
TGAGTC;-2.53
TGAGTG;-5.13
TGAGTT;-7.78
TGATAA;-2.14
TGATAC;-2.21
TGATAG;-3.88
TGATAT;-4.49
TGATCA;6.88
TGATCC;10.42
TGATCG;11.49
TGATCT;0.02
TGATGA;21.47
TGATGC;12.27
TGATGG;9.7
TGATGT;2.36
TGATTA;-8.32
TGATTC;-1.84
TGATTG;-1.93
TGATTT;-16.76
TGCAAA;5.74
TGCAAC;8.59
TGCAAG;10.39
TGCAAT;1.92
TGCACA;4.77
TGCACC;5.21
TGCACG;5.84
TGCACT;1.8
TGCAGA;14.32
TGCAGC;15.65
TGCAGG;4.25
TGCAGT;3.47
TGCATA;-7.66
TGCATC;4.5
TGCATG;-5.75
TGCATT;-10.4
TGCCAA;12.33
TGCCAC;5.48
TGCCAG;6.03
TGCCAT;5.88
TGCCCA;0.73
TGCCCC;-6.38
TGCCCG;6.43
TGCCCT;-5.82
TGCCGA;10.42
TGCCGC;7.98
TGCCGG;6.9
TGCCGT;5.66
TGCCTA;-1.57
TGCCTC;-2.74
TGCCTG;0.31
TGCCTT;-5.27
TGCGAA;5.75
TGCGAC;7.76
TGCGAG;9.33
TGCGAT;2.92
TGCGCA;7.94
TGCGCC;6.8
TGCGCG;4.8
TGCGCT;6.6
TGCGGA;9.29
TGCGGC;12.45
TGCGGG;4.28
TGCGGT;2.35
TGCGTA;0.61
TGCGTC;4.59
TGCGTG;0
TGCGTT;-0.42
TGCTAA;-3.84
TGCTAC;5.94
TGCTAG;-5.12
TGCTAT;-3.45
TGCTCA;5.05
TGCTCC;-0.22
TGCTCG;6.9
TGCTCT;-4.04
TGCTGA;13.34
TGCTGC;13.84
TGCTGG;9.22
TGCTGT;0.53
TGCTTA;-9.06
TGCTTC;-2.17
TGCTTG;-7.94
TGCTTT;-16.61
TGGAAA;11.03
TGGAAC;13.59
TGGAAG;14.55
TGGAAT;4.25
TGGACA;17.22
TGGACC;16.32
TGGACG;12.83
TGGACT;7.78
TGGAGA;22.2
TGGAGC;18.13
TGGAGG;9.47
TGGAGT;1.52
TGGATA;7.74
TGGATC;12.12
TGGATG;15.5
TGGATT;3.03
TGGCAA;9.04
TGGCAC;2.39
TGGCAG;4.29
TGGCAT;0.88
TGGCCA;10.25
TGGCCC;1.45
TGGCCG;10.28
TGGCCT;-0.41
TGGCGA;8.01
TGGCGC;5.64
TGGCGG;3.8
TGGCGT;3.54
TGGCTA;4.52
TGGCTC;-3.94
TGGCTG;4.93
TGGCTT;-3.7
TGGGAA;-2.1
TGGGAC;0.32
TGGGAG;-13.42
TGGGAT;-3.18
TGGGCA;-8.47
TGGGCC;-5.63
TGGGCG;-1.71
TGGGCT;-9.95
TGGGGA;-14.76
TGGGGC;-17.52
TGGGGG;-26.54
TGGGGT;-21.1
TGGGTA;-11.52
TGGGTC;-6.16
TGGGTG;-16.56
TGGGTT;-13.59
TGGTAA;-9.48
TGGTAC;5.07
TGGTAG;-5.16
TGGTAT;-4.52
TGGTCA;3.55
TGGTCC;2.77
TGGTCG;7.21
TGGTCT;-3.46
TGGTGA;7.32
TGGTGC;6.16
TGGTGG;4.09
TGGTGT;1.15
TGGTTA;-5.47
TGGTTC;-0.97
TGGTTG;-2.2
TGGTTT;-13.39
TGTAAA;-13.17
TGTAAC;-6.74
TGTAAG;-9.97
TGTAAT;-17.26
TGTACA;1.09
TGTACC;4.55
TGTACG;6.31
TGTACT;-5.98
TGTAGA;-5.88
TGTAGC;-6.01
TGTAGG;-10.62
TGTAGT;-12.37
TGTATA;-13.93
TGTATC;-3.66
TGTATG;-4.72
TGTATT;-16.98
TGTCAA;5.61
TGTCAC;-0.46
TGTCAG;1.58
TGTCAT;-3.54
TGTCCA;4.13
TGTCCC;-8.98
TGTCCG;5.04
TGTCCT;-5.11
TGTCGA;5.98
TGTCGC;3.8
TGTCGG;5.94
TGTCGT;2.93
TGTCTA;-3.89
TGTCTC;-6.86
TGTCTG;-7.07
TGTCTT;-13.9
TGTGAA;3.89
TGTGAC;1.59
TGTGAG;-3.31
TGTGAT;-2.11
TGTGCA;-0.28
TGTGCC;2.08
TGTGCG;3.47
TGTGCT;-2.58
TGTGGA;13.43
TGTGGC;1.49
TGTGGG;-13.13
TGTGGT;-2.01
TGTGTA;-14.93
TGTGTC;-4.98
TGTGTG;-23.68
TGTGTT;-16.87
TGTTAA;-14.62
TGTTAC;-5.86
TGTTAG;-11.36
TGTTAT;-14.4
TGTTCA;-1.04
TGTTCC;-1.8
TGTTCG;7.26
TGTTCT;-12.46
TGTTGA;-3.09
TGTTGC;-3.76
TGTTGG;-2.95
TGTTGT;-14.74
TGTTTA;-20.22
TGTTTC;-15.65
TGTTTG;-10.29
TGTTTT;-34.87
TTAAAA;-30.38
TTAAAC;-9.67
TTAAAG;-8.24
TTAAAT;-25.87
TTAACA;-9.6
TTAACC;-5.85
TTAACG;0.78
TTAACT;-14.98
TTAAGA;-11.57
TTAAGC;-5.87
TTAAGG;-7.98
TTAAGT;-15.3
TTAATA;-21.56
TTAATC;-10.87
TTAATG;-10.48
TTAATT;-25.99
TTACAA;-1.04
TTACAC;-1.51
TTACAG;0.03
TTACAT;-11.39
TTACCA;2.32
TTACCC;-3.09
TTACCG;3.36
TTACCT;-4.95
TTACGA;4.93
TTACGC;2.16
TTACGG;3.17
TTACGT;-0.33
TTACTA;-8.09
TTACTC;-5.28
TTACTG;-6.58
TTACTT;-15.62
TTAGAA;-11.18
TTAGAC;-6.38
TTAGAG;-10.22
TTAGAT;-10.1
TTAGCA;-7.46
TTAGCC;-5
TTAGCG;1.04
TTAGCT;-12.77
TTAGGA;-11.11
TTAGGC;-11.49
TTAGGG;-13.01
TTAGGT;-15.54
TTAGTA;-14.9
TTAGTC;-10.58
TTAGTG;-9.22
TTAGTT;-18.15
TTATAA;-20.58
TTATAC;-6.58
TTATAG;-12.58
TTATAT;-20.67
TTATCA;-2.19
TTATCC;-1.23
TTATCG;4.43
TTATCT;-12.69
TTATGA;-2.55
TTATGC;-2.74
TTATGG;-0.81
TTATGT;-15.55
TTATTA;-20.02
TTATTC;-12.1
TTATTG;-11.7
TTATTT;-38.79
TTCAAA;-3.02
TTCAAC;8.84
TTCAAG;9.11
TTCAAT;-4.68
TTCACA;-4.24
TTCACC;4.82
TTCACG;3.99
TTCACT;-5.99
TTCAGA;4.53
TTCAGC;7.49
TTCAGG;-1.83
TTCAGT;-6.07
TTCATA;-14.87
TTCATC;5.02
TTCATG;-2.38
TTCATT;-19.51
TTCCAA;3.83
TTCCAC;1.45
TTCCAG;7.38
TTCCAT;-7.27
TTCCCA;-9.53
TTCCCC;-13.13
TTCCCG;5.76
TTCCCT;-14.84
TTCCGA;7.93
TTCCGC;8.8
TTCCGG;10.7
TTCCGT;1.19
TTCCTA;-9.8
TTCCTC;-5.01
TTCCTG;0.77
TTCCTT;-19.89
TTCGAA;10.45
TTCGAC;11.75
TTCGAG;11.85
TTCGAT;5.73
TTCGCA;5.36
TTCGCC;8.12
TTCGCG;4.7
TTCGCT;4.16
TTCGGA;8.05
TTCGGC;9.31
TTCGGG;6.96
TTCGGT;2.27
TTCGTA;0.86
TTCGTC;5.72
TTCGTG;7.56
TTCGTT;-2.33
TTCTAA;-15.79
TTCTAC;4.77
TTCTAG;-12.9
TTCTAT;-11.23
TTCTCA;-6.53
TTCTCC;-5.03
TTCTCG;2.83
TTCTCT;-19.04
TTCTGA;-7.05
TTCTGC;-0.52
TTCTGG;-0.21
TTCTGT;-16.16
TTCTTA;-18.48
TTCTTC;-3.69
TTCTTG;-9.88
TTCTTT;-32.68
TTGAAA;-5.28
TTGAAC;1.55
TTGAAG;10.01
TTGAAT;-9.59
TTGACA;4
TTGACC;3.01
TTGACG;6.37
TTGACT;-5.03
TTGAGA;-5.31
TTGAGC;0.38
TTGAGG;-3.1
TTGAGT;-10.62
TTGATA;-6.88
TTGATC;2.63
TTGATG;7.62
TTGATT;-14.81
TTGCAA;3.43
TTGCAC;1.95
TTGCAG;3.12
TTGCAT;-11.05
TTGCCA;4.64
TTGCCC;-5.3
TTGCCG;5.72
TTGCCT;-4.91
TTGCGA;2.72
TTGCGC;1.43
TTGCGG;3.73
TTGCGT;-3.43
TTGCTA;-6.53
TTGCTC;-4.48
TTGCTG;1.56
TTGCTT;-17.38
TTGGAA;6.04
TTGGAC;7.74
TTGGAG;6.73
TTGGAT;3.67
TTGGCA;-0.15
TTGGCC;-0.42
TTGGCG;3.99
TTGGCT;-2.26
TTGGGA;-6.62
TTGGGC;-6.89
TTGGGG;-17.47
TTGGGT;-13.93
TTGGTA;-9.88
TTGGTC;-4.36
TTGGTG;-0.43
TTGGTT;-12.98
TTGTAA;-14.95
TTGTAC;-4.69
TTGTAG;-10.19
TTGTAT;-15.87
TTGTCA;-4
TTGTCC;-6.11
TTGTCG;2.69
TTGTCT;-13.17
TTGTGA;-3.04
TTGTGC;-2.33
TTGTGG;0.28
TTGTGT;-16.62
TTGTTA;-16.6
TTGTTC;-10.15
TTGTTG;-10.42
TTGTTT;-34.06
TTTAAA;-37.5
TTTAAC;-13.78
TTTAAG;-17.81
TTTAAT;-27.97
TTTACA;-9.87
TTTACC;-3.81
TTTACG;-0.38
TTTACT;-16.05
TTTAGA;-14.93
TTTAGC;-10.61
TTTAGG;-16.42
TTTAGT;-18.71
TTTATA;-24.52
TTTATC;-10.71
TTTATG;-12.53
TTTATT;-36.78
TTTCAA;-6.69
TTTCAC;-9.35
TTTCAG;-11.44
TTTCAT;-21.23
TTTCCA;-7.03
TTTCCC;-15.69
TTTCCG;4.99
TTTCCT;-21.38
TTTCGA;4.6
TTTCGC;2.49
TTTCGG;3.07
TTTCGT;-1.77
TTTCTA;-18
TTTCTC;-18.86
TTTCTG;-15.94
TTTCTT;-33.67
TTTGAA;-6.23
TTTGAC;2.82
TTTGAG;-8.4
TTTGAT;-5.54
TTTGCA;-3.98
TTTGCC;-0.69
TTTGCG;-0.1
TTTGCT;-10.95
TTTGGA;4.59
TTTGGC;1.18
TTTGGG;-12.64
TTTGGT;-10.42
TTTGTA;-18.59
TTTGTC;-10.19
TTTGTG;-9.68
TTTGTT;-32.1
TTTTAA;-41.05
TTTTAC;-16.35
TTTTAG;-22.01
TTTTAT;-35.3
TTTTCA;-20.51
TTTTCC;-20.06
TTTTCG;-2.22
TTTTCT;-35.37
TTTTGA;-13.27
TTTTGC;-9.57
TTTTGG;-7.5
TTTTGT;-30.31
TTTTTA;-41.46
TTTTTC;-31.92
TTTTTG;-24.6
TTTTTT;-73.27
